;marca;preco
0;Cadeira Gamer Husky Gaming Tempest 700, Preto, Com Almofadas, Descanso Para Pernas Retrátil, Reclinável - HGMA074;R$ 779,99
1;Cadeira Gamer Husky Gaming Tempest 700, Branco,  Com Almofadas, Descanso Para Pernas Retrátil, Reclinável - HGMA077;R$ 779,99
2;Cadeira Gamer Husky Gaming Tempest 500, Preto, Com Almofadas, Descanso Para Pernas Retrátil, Reclinável - HGMA078;R$ 689,99
3;Cadeira Gamer Prizi, Até 120 Kg, Com Almofadas, Roxa - PZ1006E;R$ 633,23
4;Cadeira Gamer Husky Gaming Tempest 500, Preto e Branco, Com Almofadas, Descanso Para Pernas Retrátil, Reclinável - HGMA082;R$ 689,99
5;Cadeira Gamer Vermelha Prizi - Jx-1039r;R$ 399,00
6;Cadeira Gamer Husky Gaming Tempest 700, Preto e Vermelho, Com Almofadas, Descanso Para Pernas Retrátil, Reclinável - HGMA075;R$ 779,99
7;Cadeira Gamer Husky Gaming Tempest 700, Cinza Claro, Com Almofadas, Descanso Para Pernas Retrátil, Reclinável - HGMA076;R$ 779,99
8;Cadeira Gamer Prizi Canvas, Até 120Kg, Com Almofadas, Preta;R$ 429,00
9;Cadeira Gamer Mymax MX5, Até 150kg, Com Almofadas, Reclinável, Descanso de Braço 2D, Preto - MGCH-MX5/BK;R$ 654,99
10;Cadeira Gamer Husky Gaming Tempest 500, Preto e Azul, Com Almofadas, Descanso Para Pernas Retrátil, Reclinável - HGMA081;R$ 689,99
11;Cadeira Gamer ThunderX3 TGC12, Até 120kg, com Almofadas, Reclinável, Preto;R$ 1.049,99
12;Cadeira Gamer Prizi Jx-1039g, até 120 kg, com Almofadas para Pescoço e Lombar, Regulagem de altura, Verde;R$ 399,00
13;Cadeira Gamer Husky Gaming Snow, Preto, Cilindro de Gás Classe 4, Base em Metal, Roda em Nylon - HSN-BK;R$ 449,99
14;Cadeira Gamer Husky Gaming Tempest 500 Black e Purple, Com Almofadas, Descanso Para Pernas Retrátil, Reclinável - Special Edition;R$ 689,99
15;Cadeira Gamer Alpha Gamer Nebula Fabric, Até 150 kg, Apoio de Braço 4D, Reclinável, Cinza - AGNEBULA;R$ 1.099,99
16;Cadeira Gamer Husky Gaming Blizzard, Preto, Com Almofadas, Reclinável, Descanso de Braço 2D - HGMA005;R$ 639,99
17;Cadeira Gamer Husky Gaming Snow, Preto e Vermelho, Cilindro de Gás Classe 4, Base em Metal, Roda em Nylon - HSN-BR;R$ 419,99
18;Cadeira Gamer Prizi, Amarela, Com Almofadas - JX-1039Y;R$ 399,00
19;Cadeira Gamer Mymax MX0, Peso Suportado até 120Kg, Giratória, Preto - mgch-mx0/bk;R$ 380,12
20;Cadeira Gamer Stillus Ergonômica Com Apoio Para Os Pés - Rosa;R$ 399,81
21;Cadeira Gamer Snake Lancaster, Branca - Cgf001-B;R$ 499,00
22;Cadeira Gamer PCYes Mad Racer V8 Turbo, Black - V8TBMADPT;R$ 999,99
23;Cadeira Gamer Husky Gaming Hailstorm, Preto, Com Almofadas, Reclinável, Descanso de Braço 2D - HHA-BK;R$ 729,99
24;Cadeira Gamer Falcon, RGB, Com inclinação multifuncional até 130° -  jx-1039rgb;R$ 599,90
25;Cadeira Gamer Fox Office Fox Racer, até 130kgs, com RGB e Iluminação LED, com almofadas, Reclinável, Preta;R$ 699,89
26;Cadeira Gamer Mymax MX1, Peso Suportado até 120Kg, Giratória, Preto - mgch-8131/bk;R$ 464,78
27;Cadeira Gamer Mymax MX5, Até 150kg, Com Almofadas, Reclinável, Descanso de Braço 2D, Preto e Azul - MGCH-MX5/BL;R$ 649,99
28;Cadeira Gamer Prizi Infinity, até 120KG, Escritório, Azul;R$ 359,90
29;Cadeira DT3 Nero, Até 120kg, com Almofada, Reclinável, Braço 4D, Cilindro de Gás Classe 4, Preto - 13747-2;R$ 1.299,99
30;Cadeira Gamer Prizi Pz1006e, Capacidade de peso: Até 120 Kg, Verde;R$ 399,90
31;Cadeira Gamer Snake Lancaster, Azul - Cgf001-A;R$ 399,00
32;Cadeira Gamer DT3 Elise, Até 130 Kg, com Almofadas, Reclinável, Preto - 13436-7;R$ 949,99
33;Cadeira Gamer DT3 Nero XL, Até 160Kg, Com Almofada, Descanso de Braço 4D, Cloud - 13637-0;R$ 1.499,99
34;Cadeira Gamer Alpha Gamer Vega, Preto, Reclinável, com Almofadas, Cilindro de Gás Classe 4;R$ 859,99
35;Cadeira Gamer Alpha Gamer Polaris Racing Edition, Até 150Kg, Cilindro de Gás 4, Descanso de Braço 4D, Preto e Vermelho - AGPOLARISRE-BK-R;R$ 719,99
36;Cadeira Gamer Mymax MX5, Até 150kg, Com Almofadas, Reclinável, Descanso de Braço 2D, Branco e Azul - MGCH-MX5/BLWH;R$ 649,99
37;Cadeira Gamer Snake Lancaster Vermelha - Cgf001-V;R$ 399,00
38;Cadeira Gamer Husky Gaming Snow, Preto e Azul, Cilindro de Gás Classe 4, Base em Metal, Roda em Nylon - HSN-BB;R$ 394,99
39;Cadeira Gamer Husky Gaming Blizzard RGB, Preto, Luz RGB, Com Almofadas, Reclinável - HBL-RGB;R$ 799,99
40;Cadeira Gamer Mx5, Giratoria, Branco e Rosa - Mymax;R$ 652,80
41;Cadeira Gamer Husky Gaming Blizzard, Preto e Vermelho, Com Almofadas, Reclinável, Descanso de Braço 2D - HBL-BR;R$ 629,99
42;Cadeira Gamer Mymax MX5, Até 150kg, Com Almofadas, Reclinável, Descanso de Braço 2D, Preto e Branco - MGCH-MX5/WH;R$ 649,99
43;Cadeira Gamer Alpha Gamer Polaris Racing Edition, Até 150Kg, Cilindro de Gás 4, Descanso de Braço  4D, Preto e Azul - AGPOLARISRE-BK-BL;R$ 719,99
44;Cadeira Gamer ThunderX3 EC3, Até 120 kg,  Preto - 67998;R$ 959,99
45;Cadeira Gamer ThunderX3 TGC12, Preto e Vermelho, Reclinável, com Almofadas, Cilindro de Gás Classe 4;R$ 1.039,99
46;Cadeira Gamer Fox Racer, Peso Suportado até 130Kg, LED RGB, Branco;R$ 746,49
47;Cadeira Gamer Husky Gaming Hailstorm, Preto e Branco, Com Almofadas, Reclinável, Descanso de Braço 2D - HHA-BW;R$ 699,99
48;Cadeira Gamer Husky Gaming Hailstorm, Preto e Vermelho, Com Almofadas, Reclinável, Descanso de Braço 2D - HHA-BR;R$ 699,99
49;Cadeira Gamer Husky Gaming Hailstorm, Preto e Azul, Com Almofadas, Reclinável, Descanso de Braço 2D - HHA-BB;R$ 699,99
50;Cadeira Gamer Husky Gaming Storm, Preto e Branco, Com Almofadas, Reclinável, Descanso de Braço 2D - HST-BW;R$ 659,99
51;Cadeira Gamer Mymax MX5, Até 150kg, Com Almofadas, Reclinável, Descanso de Braço 2D, Preto e Vermelho - MGCH-MX5/RD;R$ 669,99
52;Cadeira Gamer Mymax MX5, Até 150 Kg, Giratória, Branco e Roxo;R$ 653,65
53;Cadeira Gamer XT Racer Viking Series, Até 120kg, Com Almofadas e Apoio de Pés, Reclinável, Descanso de Braço 3D, Preto - XTR-018;R$ 1.039,99
54;Cadeira Gamer Mymax MX8, Até 150Kg, Giratória, Preto e Azul;R$ 508,30
55;Cadeira Gamer DT3 Elise Fabric, Até 130 Kg, Com Almofadas, Reclinável, Descanso de Braço 1D, Preto - 13443-5;R$ 949,99
56;Cadeira De Escritório Fortt, Com Rodinha, Verona Branca - Cegf01-b;R$ 399,00
57;Cadeira Gamer Husky Gaming Storm, Preto, Com Almofadas, Reclinável, Descanso de Braço 2D - HST-BK;R$ 659,99
58;Cadeira Gamer Alpha Gamer Polaris Edition, Até 150Kg, Descanso de Braço 4D,  Preto e Branco - AGPOLARISRE-BK-BL;R$ 879,99
59;Cadeira Gamer Mymax MX0, Peso Suportado até 120Kg, Giratória, Preto e Vermelho - Mgch-mx0/rd;R$ 338,30
60;Cadeira Gamer Prizi, Peso Suportado até  120Kg, Almofadas de Pescoço e Lombar, Azul - Pz1005;R$ 399,90
61;Cadeira Gamer Prizi Runner, 180Kg, Giratória, Azul;R$ 359,90
62;Cadeira Gamer Husky Gaming Avalanche 900, Preto e Vermelho, Com Almofadas, Reclinável com Sistema Frog, Descanso de Braço 3D - HGMA083;R$ 869,99
63;Cadeira Gamer Husky Gaming Avalanche 900, Preto e Azul, Com Almofadas, Reclinável com Sistema Frog, Descanso de Braço 3D - HGMA086;R$ 869,99
64;Cadeira Gamer Preto Healer Lancer Reclinável Giratória;R$ 469,90
65;Cadeira Gamer Mymax Mx5 ,Peso Suportado até 150Kg, Giratória, Preto;R$ 652,80
66;Cadeira Gamer Thunderx3 TGC12 Profissional, Até 120kg, Com Almofadas, Reclinável, Descanso de Braço 2D, Rosa e Preto - 78203;R$ 1.049,99
67;Cadeira Gamer Mymax Mx8, Giratória, 150Kg, Preto E Vermelho;R$ 507,11
68;Cadeira Gamer ThunderX3 TGC12 Profissional, Até 120kg, Com Almofadas, Reclinável, Descanso de Braço 2D, Branco e Preto - 78202;R$ 1.049,99
69;Cadeira Gamer Prizi PZ1006E, Até 120 Kg, Couro sintético de PU, Ângulo ajustável, Descanso de pé, Amarela;R$ 399,90
70;Cadeira Gamer Alpha Gamer Polaris Racing Edition,  Até 150Kg, Cilindro de Gás 4, Descanso de Braço 4D, Preto e Verde - AGPOLARISRE-BK-GRN;R$ 719,99
71;Cadeira Gamer ThunderX3 TGC12, Black Green;R$ 1.039,99
72;Cadeira Gamer XT Racer Defender, Até 120kg, Com Almofadas, Reclinável, Descanso de Braço 3D, Preto - XTR-034;R$ 979,99
73;Cadeira Gamer Mymax MX0, Até 120Kg, Giratória, Preto e Azul;R$ 338,30
74;Cadeira Gamer PCYes Mad Racer V8 Turbo, Blue - V8TBMADAZ;R$ 999,99
75;Cadeira Gamer Husky Gaming Snow, Preto e Branco, Cilindro de Gás Classe 4, Base em Metal, Roda em Nylon - HSN-BW;R$ 419,99
76;Cadeira Gamer Elements Gaming, Cinza, Suportado: 150 kg, Ergonômica De Tecido;R$ 1.679,90
77;Cadeira Gamer Alpha Gamer Nebula XL Fabric, Até 150 kg, Apoio de Braço 4D, Reclinável, Cinza - AGNEBULAXL;R$ 1.349,99
78;Cadeira Gamer Husky Gaming Snow, Preto e Verde, Cilindro de Gás Classe 4, Base em Metal, Roda em Nylon - HGMA018;R$ 394,99
79;Cadeira Gamer DT3 Gamma Fabric, Até 130 Kg, Com Almofadas, Reclinável, Descanso de Braço 3D, Preto - 13491-8;R$ 1.199,99
80;Cadeira Gamer Husky Gaming Blizzard, Preto e Azul, Com Almofadas, Reclinável, Descanso de Braço 2D - HBL-BB;R$ 649,99
81;Cadeira Gamer Husky Gaming Storm, Preto e Azul, Com Almofadas, Reclinável, Descanso de Braço 2D - HST-BB;R$ 659,99
82;Cadeira Gamer Husky Gaming Blizzard, Preto e Branco, Com Almofadas, Reclinável, Descanso de Braço 2D - HBL-BW;R$ 639,99
83;Cadeira Gamer Alpha Gamer Vega, Preto e Vermelho, Reclinável, com Almofadas, Cilindro de Gás Classe 4;R$ 719,99
84;Cadeira DT3 Nero, Até 150kg,  Com Almofada, Reclinável, Descanso de Braço 4D, Preto e Roxo  - 13547-0;R$ 1.299,99
85;Cadeira Gamer, Prizi, Infinity, Até 150Kg, inclinação multifuncional  - Amarela;R$ 359,90
86;Cadeira Gamer XT Racer Viking Series, Até 120kg, Com Almofadas e Apoio de Pés, Reclinável, Descanso de Braço 3D, Preto e Vermelho - XTR-026;R$ 1.039,99
87;Cadeira Gamer DT3 Elise Fabric, Até 130 Kg, Com Almofadas, Reclinável, Descanso de Braço 1D, Preto e Cinza - 13445-7;R$ 949,99
88;Cadeira Gamer Mymax MX5, Até 150kg, Com Almofadas, Reclinável, Descanso de Braço 2D, Branco e Verde - MGCH-MX5/GRWH;R$ 649,99
89;Cadeira Gamer Mymax MX7, Até 150kg, Com Almofadas, Reclinável, Descanso de Braço 2D, Preto e Verde - MGCH-002/GR;R$ 629,99
90;Cadeira Gamer DT3 Elise, Até 130 Kg, com Almofadas, Reclinável, Preto e Azul - 13437-8;R$ 929,99
91;Cadeira Gamer Mymax Mx0, Suporta Até 120kg, Giratória, Preto E Branco;R$ 338,30
92;Cadeira Gamer DT3 Módena, Até 140 kg, Com Almofadas, Apoio de Braço 3D+, Reclinável, Dark Grey - 13786-5;R$ 1.149,99
93;Cadeira Gamer Alpha Gamer Phenix Fabric, Tecido, Até 150kg, Apoio de Braço 4D, Reclinável, Preto e Azul - AGPHENIX-F-GRY-BK-BL;R$ 1.579,99
94;Cadeira Gamer Fortrek Black Hawk Black - 70508;R$ 759,99
95;Cadeira Gamer Mymax MX5, Até 150Kg, com Ajuste de altura, Giratória, Branco e Roxo - MGCH-MX5/PRWH;R$ 729,99
96;Cadeira Gamer Mymax MX0, Peso Suportado até 120Kg, Giratória, Preto e Rosa - Mgch-mx0/pk;R$ 338,30
97;Cadeira Gamer Alpha Gamer Nebula Fabric,  Até 150 kg, Apoio de Braço 4D, Reclinável, Cinza e Azul - AGNEBULA-GRY-BL;R$ 1.099,99
98;Cadeira Gamer ThunderX3 BC3, Black e Red- 67992;R$ 999,99
99;Cadeira Gamer Noblechairs Epic Copper Limited Edition, Preta/Cobre - PGW-NB-EGC-016;R$ 2.199,99
100;Cadeira Gamer Elements Magna, até 150 kg, Ergonômica, De Tecido, Preto;R$ 2.435,90
101;Cadeira Gamer PCYes Mad Racer V16, Black - MADV16PTCSDG;R$ 1.649,99
102;Cadeira Gamer Prizi Runner, Até 120Kg, Branca;R$ 359,90
103;Cadeira Gamer Husky Gaming Storm, Preto e Verde, Com Almofadas, Reclinável, Descanso de Braço 2D - HST-BG;R$ 659,99
104;Cadeira Gamer DT3 Mizano Fabric, Até 110 kg, Com Almofadas, Apoio de Braço 3D+, Reclinável, Preto - 13796-6;R$ 1.099,99
105;Cadeira Gamer Mymax MX7, Até 150kg, Com Almofadas, Reclinável, Descanso de Braço 2D, Preto e Rosa - MGCH-002V1/PK;R$ 629,99
106;Cadeira Gamer Corsair TC200, Até 120Kg, Apoio de Braços 4D, Com Almofadas, Reclinável, Cilindro de Gás Classe 4, Cinza - CF-9010045-WW;R$ 1.499,99
107;Cadeira Gamer DT3 Elise Fabric, Até 130 Kg, Com Almofadas, Reclinável, Descanso de Braço 2D, Preto e Vermelho - 13446-8;R$ 929,99
108;Cadeira Gamer Alpha Gamer Vega, Preto e Azul, Reclinável, com Almofadas, Cilindro de Gás Classe 4;R$ 719,99
109;Cadeira Gamer ThunderX3 BC3 Camo/CZ, Black Hawk - 67994;R$ 999,99
110;Cadeira Gamer Prizi, PZ1005, Suporta Até 120kg, Vermelha;R$ 399,90
111;Cadeira Gamer MX6, Giratória, Azul e Preto, Mymax;R$ 549,44
112;Cadeira Gamer Draxen DN2, Até 150kg, Com Almofadas, Reclinável, Descanso de Braço 2D, Preto - DN002/BK;R$ 599,99
113;Cadeira Gamer Noblechairs Hero, Black - NBL-HRO-PU-BLA;R$ 2.099,99
114;Cadeira Gamer PCYes Mad Racer STI Turbo Black Vulcan, Até 120kg, Reclinável, Preto - MRSTIR10PT;R$ 574,99
115;Cadeira Gamer Husky Gaming Blizzard 900, Preto e Azul, Com Almofadas, Reclinável com Sistema Frog, Descanso de Braço 3D - HGMA087;R$ 949,99
116;Cadeira Gamer DT3 Elise Fabric, Até 130 Kg, Com Almofadas, Reclinável, Descanso de Braço 2D, Preto e Azul - 13444-6;R$ 899,99
117;Cadeira Gamer Elite V2 Dazz, Até 100kg, Preta, 62000148;R$ 599,90
118;Cadeira Gamer Alpha Gamer Vega, Até 150Kg, Cilindro de Gás 4,  Braço Ajustável, Preto e Laranja;R$ 719,99
119;Cadeira DT3 Nero, Até 150kg,  Com Almofada, Reclinável, Descanso de Braço 4D, Preto e Azul  - 13548-1;R$ 1.299,99
120;Cadeira Gamer DT3 Grigio, Até 130Kg, Com Almofadas, Reclinável, Descanso de Braço 1D,  Cinza e Preto - 13373-7;R$ 1.049,99
121;Cadeira Gamer Corsair T1 Race, Até 120Kg, Apoio de Braços 4D, com Almofadas, Reclinável, Preto e Amarelo - CF-9010015-WW;R$ 1.179,99
122;Cadeira Gamer Prizi Runner - Preta;R$ 359,90
123;Cadeira Gamer Fortrek Cruiser Black/Red - 70515;R$ 749,99
124;Cadeira Gamer Husky Gaming Avalanche 900, Preto e Amarelo, Com Almofadas, Reclinável com Sistema Frog, Descanso de Braço 3D - HGMA089;R$ 869,99
125;Cadeira Gamer Fortrek Vickers, Até 120Kg, com Almofadas, Preto - 7051;R$ 679,99
126;Cadeira Gamer Mymax Mx9, 150kg, Com Almofadas, Braços com Regulagem 2D, Giratória, Cilindro de Gás Classe 2 - 80mm, Preto e Vermelho;R$ 550,80
127;Cadeira Gamer Rgb Fox Racer Marrom  Iluminação Led – Logo Preto;R$ 699,89
128;Cadeira Gamer Raven Arm, Até 120 kg, Cilindro de Gás Classe 3, Preto - CDRRVAR00;R$ 479,99
129;Cadeira Gamer Husky Gaming Storm, Preto, Vermelho e Branco, Com Almofadas, Reclinável, Descanso de Braço 2D - HST-RBW;R$ 719,99
130;Cadeira Gamer PCYes Mad Racer V8 Turbo, White - V8TBMADBC;R$ 999,99
131;Cadeira Gamer DT3 Elise, Até 130 Kg, com Almofadas, Reclinável, Preto e Cinza - 13439-0;R$ 929,99
132;Cadeira Gamer XT Racer Speed Series, Até 120kg, Com Almofadas, Reclinável, Descanso de Braço 2D, Preto - XTS150;R$ 899,99
133;Cadeira Gamer Husky Gaming Hailstorm 900, Preto e Vermelho, Com Almofadas, Reclinável com Sistema Frog, Descanso de Braço 3D - HGMA085;R$ 699,99
134;Cadeira Gamer ThunderX3 TGC12 EVO, Até 125Kg, com Almofadas, Cilindro de Gás, Branco - 76421;R$ 1.049,99
135;Cadeira Gamer ThunderX3 BC7 Larger, Black/Cyan - 68841;R$ 1.799,99
136;Cadeira Gamer Mymax Mx1, Peso Suportado até 120Kg, Giratória, Preto E Azul - mgch-8131/bl;R$ 423,30
137;Cadeira Gamer Alpha Gamer Nimbus, Até 125 kg, Apoio de Braço 4D, Reclinável, Preto e Vermelho - AGNIMBUSBKRED;R$ 549,99
138;Cadeira Noblechairs Hero TX Gaming Chair-anthracite - NBL-HRO-TX-ATC;R$ 1.999,99
139;Cadeira Gamer Alpha Gamer Nebula Fabric, Tecido, Até 150 kg, Apoio de Braço 4D, Reclinável, Cinza e Rosa - AGNEBULA-GRY-PK;R$ 1.099,99
140;Cadeira Gamer Prizi Runner, Até 120Kg, Roxa;R$ 359,90
141;Cadeira Gamer Husky Gaming Avalanche, Rosa e Branco, Com Almofadas, Reclinável, Descanso de Braço 3D - HAV-PW;R$ 699,99
142;Cadeira Gamer Noblechairs EPIC, Black - NBL-PU-BLA-002;R$ 1.899,99
143;Cadeira Gamer Husky Gaming Blizzard 900, Preto, Com Almofadas, Reclinável com Sistema Frog, Descanso de Braço 3D - HGMA062;R$ 999,99
144;Cadeira Gamer Holt, Preta/Vermelha - Fortrek;R$ 633,80
145;Cadeira Gamer Husky Gaming Blizzard 900, Preto e Vermelho, Com Almofadas, Reclinável com Sistema Frog, Descanso de Braço 3D - HGMA084;R$ 949,99
146;Cadeira Gamer Mymax, Até 150 Kg, Giratória, Preto e Azul - MX13;R$ 508,30
147;Cadeira Gamer Husky Gaming Blizzard, Preto e Verde, Com Almofadas, Reclinável, Descanso de Braço 2D - HBL-BG;R$ 659,99
148;Cadeira Gamer Falcon,Wake,Vermelha;R$ 399,00
149;Cadeira Gamer Fortrek Vickers, Black/Pink - 70523;R$ 629,99
150;Cadeira Gamer, MX11, Giratória, Preto, Mymax;R$ 423,30
151;Cadeira Gamer DT3 Gamma, Até 120 Kg, Com Almofadas, Reclinável, Descanso de Braço 3D, Preto - 13516-6;R$ 1.159,99
152;Cadeira Gamer Elements Lunari, Até 120kg, Com Almofada, Descanso de Braço 4D, Cilindro de Gás Classe 4, Knit Special, Creme - 70045;R$ 2.749,99
153;Cadeira Gamer Mymax Mx9, Giratória, Preto/Prata;R$ 550,80
154;Cadeira Gamer Noblechairs Epic, Até 120kg, com Almofadas, Branco - NBL-PU-WHT-001;R$ 2.199,99
155;Cadeira Gamer XT Racer Speed Series, Até 120kg, Com Almofadas e Apoio de Pés, Reclinável, Descanso de Braço 2D, Preto e Cinza - XTS170;R$ 979,99
156;Cadeira Gamer Husky Gaming Storm, Preto e Vermelho, Com Almofadas, Reclinável, Descanso de Braço 2D - HST-BR;R$ 659,99
157;Cadeira Noblechairs Hero Gaming Chair Java Edition - NBL-HRO-PU-JED;R$ 2.299,99
158;Cadeira Gamer Noblechairs Hero, Black Gold - NBL-HRO-PU-GOL;R$ 2.099,99
159;Cadeira Gamer Draxen DN2, 150 kg, Altura Ajustáveis, Reclinação, com almofadas, Preto;R$ 635,80
160;Cadeira Gamer Preta Healer Wells, Reclinável Giratória;R$ 509,90
161;Cadeira Gamer DT3 Nero,  Até 150kg, Com Almofada, Reclinável, Descanso de Braço 4D, Preto e Rosa - 13546-9;R$ 1.299,99
162;Cadeira Dxracer Master V2 (i238s-n-n1-a3);R$ 3.562,03
163;Cadeira Gamer Alpha Gamer Nimbus, Até 125 kg, Apoio de Braço 4D, Reclinável, Branco e Preto - AGNIMBUSBWHT;R$ 549,99
164;Cadeira Gamer Mymax Mx9, Até 150Kg, Giratória, Preto/Azul;R$ 550,80
165;Cadeira Gamer Husky Gaming Storm, Branco e Rosa, Com Almofadas, Reclinável, Descanso de Braço 4D - HST-PW;R$ 699,99
166;Cadeira Gamer Raven X-10, Até 150Kg, Com Almofadas, Descanso de Braço 4D, Encosto Reclinável, Trava de Inclinação, Preto e Azul - CDRVX10PA;R$ 649,99
167;Cadeira Gamer Mymax MX7, Suporta Até 150kg, Giratória, Preto E Vermelho;R$ 594,15
168;Cadeira Gamer Noblechairs Hero Doom Edition - NBL-HRO-PU-DET;R$ 2.799,99
169;Cadeira Gamer Husky Gaming Hailstorm 900, Preto e Azul, Com Almofadas, Reclinável com Sistema Frog, Descanso de Braço 3D - HGMA088;R$ 699,99
170;Cadeira Gamer Alpha Gamer Zeta Black Blue - AGZETA-BK-BL;R$ 699,99
171;Cadeira Gamer Alpha Gamer Cygnus RGB - AGCYGNUS;R$ 799,99
172;Cadeira Gamer Fortrek Black Hawk, Black/Blue - 70512;R$ 759,99
173;Cadeira Gamer Mymax MX7, Suportado até 150Kg, Giratória, Preto e Rosa;R$ 613,37
174;Cadeira Gamer ThunderX3 TGC12 EVO, Até 125Kg, com Almofadas, Cilindro de Gás, Vermelho - 76419;R$ 999,99
175;Pistão para Cadeiras Husky Gaming Snow, Polar e Frost - HAC-PSPF;R$ 54,99
176;Cadeira Gamer Draxen DN1, até 150 kg, RGB, Rodas de Silicone, Encosto Regulável, Almofadas para apoio, Preto;R$ 763,30
177;Cadeira Gamer Healer, Level Reclinável Giratória Com Apoio De Pés - Preto;R$ 589,90
178;Cadeira Gamer, MX11, Giratória, Preto E Azul, Mymax;R$ 423,30
179;Cadeira Gamer XT Racer Defender, Até 120kg, Com Almofadas, Reclinável, Descanso de Braço 3D, Preto e Vermelho - XTR-030;R$ 979,99
180;Cadeira Gamer Mymax Mx9, até 150kg, Giratória, Com Almofadas, Reclinável, Preto/Roxo;R$ 550,80
181;Cadeira Gamer Husky Gaming Hailstorm, Preto e Verde, Com Almofadas, Reclinável, Descanso de Braço 2D - HHA-BG;R$ 699,99
182;Cadeira Gamer Mymax MX11, Até 150 Kg, Giratória, Preto E Vermelho;R$ 423,30
183;Cadeira Gamer ThunderX3 BC3 CAMO Military Green - 68835;R$ 829,99
184;Cadeira Gamer Mymax MX7, Suportado até 150Kg, Giratória, Preto e Verde;R$ 613,37
185;Cadeira Gamer Mymax , Com Almofadas, Braço 2D, Cilindro de Gás Classe 3, Giratória , Preto e Amarelo - MX13;R$ 508,30
186;Cadeira Gamer X­rocker Dazz;R$ 589,90
187;Cadeira Gamer Giratoria MX12 MyMax, Suporta 150Kg, Preto e Vermelho;R$ 720,80
188;Cadeira Gamer DT3 Nero Elite Syrah, Até 150 Kg, Com Almofada, Reclinável, Descanso de Braço 4D, Preto e Vinho - 13543-6;R$ 2.399,99
189;Cadeira Gamer Elements Gaming Magna, Até 150Kg, Ergonômica, Linho Marrom;R$ 1.889,10
190;Cadeira Nex Max, Giratória E Reclinável, Preta E Branca - Dxracer;R$ 1.762,89
191;Cadeira Gamer Fortrek Holt, Black - 70501;R$ 529,99
192;Cadeira Gamer Mymax Mx12, Peso Máximo Suportado: 150kg, Giratória, Preto/Branco;R$ 720,80
193;Mesa Gamer Escrivaninha, Tecno, Nicho - Preto e Verde;R$ 269,90
194;Cadeira Gamer Kids Em Couro Pu, Preta e Verde, Pelegrin - Pel-9353;R$ 339,00
195;Cadeira Gamer Mymax Mx5, Suportado até 150Kg, Giratória, Preto e Branco;R$ 652,80
196;Cadeira Gamer Sharkoon Skiller SGS2 Black Blue;R$ 699,99
197;Cadeira Gamer XT Racer Speed Series, Até 120kg, Com Almofadas, Reclinável, Descanso de Braço 2D, Preto e Cinza - XTS130;R$ 899,99
198;Cadeira Gamer Profissional, Marvel, Hulk, Suporta até 150kg, Reclinável, Verde;R$ 715,90
199;Cadeira Gamer TC3 ThunderX3, Encosto Reclinável, Braço 2D, 125Kg, Preto/Branco - 72994;R$ 899,99
200;Cadeira Gamer Raven X-10, Até 150Kg, com Almofadas, Descanso de Braço 4D, Reclinável, Trava de Inclinação, Preto e Vermelho - CDRVX10PV;R$ 649,99
201;Cadeira Gamer Fortrek Black Hawk Black/Red - 70510;R$ 699,99
202;Cadeira Gamer Elements Magna Special,  até 150 kg, Ergonômico, Cinza;R$ 1.779,90
203;Cadeira Gamer Mymax Mx12, Giratória, Preto/Verde;R$ 720,80
204;Cadeira Gamer Holt Fortrek, Suporta até 120Kg, Preta;R$ 940,99
205;Cadeira Gamer Elements Lunari, Até 120kg, Com Almofada, Descanso de Braço 4D, Cilindro de Gás Classe 4, Knit Special, Cinza - 70044;R$ 2.999,99
206;Cadeira Gamer Prizi Runner, 180KG, Verde;R$ 359,90
207;Cadeira Gamer Mymax, Mx5, Até 150kg, Giratória Branco E Verde;R$ 653,65
208;Cadeira Gamer Noblechairs Hero, Black White - NBL-HRO-PU-BPW;R$ 2.099,99
209;Cadeira Gamer, Fifa Qatar 2022, Checkpoint, Preto Com Vermelho - Dx-3000 Lx1;R$ 988,90
210;Cadeira Gamer DT3sports Elise, Pink - 11834-7;R$ 899,99
211;Cadeira Gamer Racer X Reclinável Preta;R$ 812,00
212;Cadeira Gamer Sharkoon Skiller SGS2 Black Red;R$ 699,99
213;Cadeira Gamer Cooler Master Caliber X2, Preto;R$ 1.914,57
214;Cadeira Gamer Profissional ThunderX3 TGC12, Suporta Até 150Kg, Preto E Verde;R$ 1.250,50
215;Cadeira Gamer ThunderX3 TGC12, Até 150Kg, Reclinável, Com Almofadas, Gás Classe 4, Preto E Vermelho;R$ 1.158,55
216;Cadeira Gamer ThunderX3 TGC12 EVO, Até 125Kg, com Almofadas, Cilindro de Gás, Rosa - 76423;R$ 1.049,99
217;Cadeira Gamer MyMax, Giratoria, Preto -  MX12;R$ 840,12
218;Cadeira Gamer Husky Gaming Blizzard 970, cm Almofadas, Acabamento Alcantara, Reclinável com Sistema Frog, Cinza - HGMA132;R$ 1.399,99
219;Cadeira Gamer Stillus Ergonômica Com Apoio Para Os Pés - Vermelho;R$ 465,41
220;Cadeira Gamer Mymax Mx17, 150kg, Giratória, Preto;R$ 678,30
221;Cadeira Gamer Husky Gaming Blizzard 970,  com Almofadas, Acabamento Alcantara, Reclinável com Sistema Frog, Preto e Branco - HGMA136;R$ 1.399,99
222;Cadeira Gamer Prizi Jx-1001b, Kombat, Capacidade de peso: 130 kg, Azul;R$ 799,90
223;Cadeira Gamer TC3 ThunderX3, Encosto Reclinável, Braço 2D, 125Kg, Preto - 72993;R$ 999,99
224;Cadeira Gamer  Fortrek Vickers, Peso Suportado até 135Kg, Mecanismo Butterfly, Preto e vermelho - 70520;R$ 866,85
225;Cadeira Gamer Cougar Armor Elite White, Até 120 KG - 3MELIWHB.0001;R$ 1.300,45
226;Cadeira Gamer DT3 Mizano Fabric, Até 110 kg, Com Almofadas, Apoio de Braço 3D+, Reclinável, Cinza - 13799-9;R$ 1.129,99
227;Cadeira Gamer Pcyes Mad Racer V8 Turbo, Peso Suportado até 180Kg, Função Relax, Branca - V8tbmadpt;R$ 1.081,44
228;Cadeira Gamer Conthey Cinesis Xtreme, Até 150 Kg - N2159702;R$ 1.500,00
229;Cadeira Gamer Husky Gaming Blizzard 970, com Almofadas, Acabamento Alcantara, Reclinável com Sistema Frog, Creme e Vermelho  - HGMA134;R$ 1.399,99
230;Cadeira Gamer ThunderX3 DC3, Suporta até 150Kg, Preta;R$ 1.777,60
231;Cadeira Office Elements Lunari, Espuma D50, Mecanismo Frog, Cream;R$ 3.616,75
232;Cadeira Gamer MoobX Nitro Com Regulagem de Altura e Reclinação 180°;R$ 799,90
233;Cadeira Gamer Prizi Verde - Pz1005;R$ 399,90
234;Cadeira Gamer Noblechairs Hero, Black Blue - NBL-HRO-PU-BBL;R$ 2.099,99
235;Cadeira Gamer Mymax Mx18, Até 150Kg, Giratória, Preta;R$ 690,20
236;Cadeira Gamer PCYes Mad Racer STI Turbo White Ghost, Até 120kg, Reclinável, Branco - MRSTIR10BR;R$ 679,99
237;Cadeira Gamer Prizi PZ1005, Peso Suportado até 120Kg, Mecanismo Borboleta, Amarela;R$ 399,90
238;Cadeira Gamer Hoopson, Preta E Branca - CG-506;R$ 1.499,87
239;Cadeira Gamer Mymax Mx15 Giratoria Peso Máximo Suportado: 150 Kg, Preto;R$ 720,80
240;Cadeira Gamer Hoopson, Reclinável E Giratória - Hp-cg505;R$ 1.499,87
241;Cadeira Gamer Sharkoon Skiller SGS40, 150kg, Braço 4D, Preto;R$ 1.499,99
242;Cadeira Gamer Mymax MX12, Até 150 Kg, Giratória, Preto e Azul;R$ 720,80
243;Cadeira Gamer Hibrida -gchyb1-bk30th Cooler Master1 Ergo 30th Anniversary Edition Cmi;R$ 2.995,89
244;Cadeira Gamer Racer X Comfort, Peso máximo suportado: 100 Kg, Cinza;R$ 803,65
245;Cadeira Gamer Husky Gaming Blizzard 970,  com Almofadas, Acabamento Alcantara, Reclinável com Sistema Frog, Caramelo - HGMA133;R$ 1.399,99
246;Cadeira Gamer Pelegrin Em Couro Pu, Reclinável, Suporta Até 150Kg, Preto E Azul - Pel-3019;R$ 499,00
247;Cadeira Gamer Dt3 Sports Nero Elite Ashen, Até 150Kg, Cinza;R$ 3.255,69
248;Cadeira Gamer Noblechairs EPIC, Black Red - NBL-PU-RED-002;R$ 1.899,99
249;Cadeira Gamer XT Racer Draco, Até 120kg, Com Almofadas, Reclinável, Descanso de Braço 4D, Preto e Dourado - XTR-062;R$ 1.629,99
250;Cadeira Gamer Boxbit Atlético Mineiro Fanático, até 120Kg, Base Rodízio;R$ 669,38
251;Cadeira Gamer OEX Game Gc300, Peso Suportado até 180Kg, Mecanismo padrão Borboleta, Preto e Cinza;R$ 1.567,41
252;Cadeira Gamer Husky Gaming Blizzard 970,  com Almofadas, Acabamento Alcantara, Reclinável com Sistema Frog, Preto - HGMA135;R$ 1.399,99
253;Cadeira Gamer Gallant, Altura Regulável, Preta/Vermelha -GCD10GPUA-VM;R$ 759,00
254;Cadeira Gamer Pcyes Mad Racer V8 Turbo, Peso Suportado até 180Kg, Função Relax, Preta - V8tbmadpt;R$ 1.029,90
255;Cadeira Gamer Profissional Marvel, Homem De Ferro, Reclinável, Suporta 150kg, Vinho - Homem De Ferro;R$ 715,90
256;Cadeira Gamer Alpha Gamer Vega, Até 130Kg, Cilindro de Gás 4, Braço Ajustável, Preto e Verde;R$ 719,99
257;Cadeira Gamer Vinik Comet Cgc10p, Até 120kg, Reclinável, Giratória Com Apoio De Braço 2D E Ajuste De Altura, Preta;R$ 931,29
258;Cadeira Gamer ThunderX3 DC3, Suporta Até 150Kg, Mecanismo de Borboleta, Preto E Ciano - 70624;R$ 1.449,86
259;Cadeira Gamer Pelegrin, Preta E Cinza - PEL-3011;R$ 589,00
260;Cadeira Gamer Thunderx3 BC7 Larger, Peso Suportado até 150Kg, Almofadas de pescoço e lombar, Preto E Ciano;R$ 1.886,87
261;Cadeira Gamer Racer X Comfort, Branca, Peso máximo suportado: 100 Kg;R$ 803,65
262;Cadeira Gamer Galax Giratória Gc-01 Rgb, Preta - Rg01p4dby0;R$ 1.704,20
263;Cadeira Gamer Noblechairs EPIC, Black Gold - NBL-PU-GOL-002;R$ 1.899,99
264;Cadeira Gamer Mymax MX1, Peso Suportado até 120Kg, Giratória, Preto e Branco;R$ 700,92
265;Cadeira Gamer Rise Mode A1, Até 150kg, Descanso de Braço 2D, Com Massageador, Preto e Branco - RM-A1-01-BW;R$ 999,99
266;Cadeira Gamer ThunderX3 EC3, Até 120kg, com Almofadas, Preto e Vermelho - 67999;R$ 959,99
267;Cadeira Gamer Escritório Cougar Fusion S, Preta E Laranja;R$ 922,25
268;Cadeira Gamer XT Racer Speed Series, Até 120kg, Com Almofadas e Apoio de Pés, Reclinável, Descanso de Braço 2D, Preto e Vermelho - XTS180;R$ 979,99
269;Cadeira Gamer Fortrek Black Hawk, Suporta Até 140Kg, Apoio Ajustável Bi-Direcional, Preto - 70508;R$ 795,48
270;Cadeira Gamer Royale MoobX, Até 100Kg, Giratória,  Preto e Cinza;R$ 509,92
271;Cadeira Gamer OexGame Gc200, Até 100Kg, Altura Ajustável, Couro Sinético, Rosa E Preto;R$ 902,41
272;Cadeira Gamer Ideal, Giratória, Com LED, RGB, 83x65x32cm;R$ 594,15
273;Cadeira Gamer Mymax MX15, Até 150 Kg, Giratória, Preto e Azul;R$ 720,80
274;Kit Gamer Pelegrin Pel-008p Rosa E Cadeira Gamer Pelegrin Pel-3020 Rosa;R$ 1.684,05
275;Cadeira Gamer Healer Strike Reclinável Giratória, suporta até 120 kg, Rosa E Branco;R$ 669,90
276;Cadeira Gamer Escritório Cougar Fusion S,Preta;R$ 1.028,02
277;Cadeira Gamer Dust, Com Apoio Para As Pernas Retrátil, Preta;R$ 858,42
278;Cadeira Gamer Draxen DN2, Até 150kg, Com Almofadas, Reclinável, Descanso de Braço 2D, Preto e Azul Celeste - DN002-BLS;R$ 599,99
279;Cadeira Gamer, Racer X Comfort - Rosa;R$ 803,00
280;Cadeira Gamer Fortt Mendoza, Vermelha - Cgf002-V;R$ 429,00
281;Cadeira Gamer Draxen Dn3, Giratória, Até 150Kg, Branco E Rosa;R$ 699,00
282;Cadeira Gamer Thunderx3 Ec1, Suporta Até 120kg, Cilindro De Gás, Almofadas, Preto - 78232;R$ 838,52
283;Cadeira Gamer Asus Rog Chariot Core SL300, Preto, Almofada Lombar, Braços 4D, Cilindro de Gás - 90GC00D0-MSG010;R$ 2.799,99
284;Cadeira Gamer Pcyes Mad Racer V8 Turbo Azul - V8tbmadaz;R$ 1.919,88
285;Cadeira Nex Max Giratória E Reclinável Preta E Vermelha - Dxracer;R$ 1.637,06
286;Cadeira Gamer Racer X Comfort, Verde;R$ 803,65
287;Cadeira Gamer X Fusion, Suporta até 120kg, Branca - C.123;R$ 591,87
288;Cadeira Gamer Gamdias Zelus M3 Weave Lb, Até 140Kg - Cinza E Preto;R$ 1.039,50
289;Cadeira Gamer Fox Racer, Até 130 Kg, Iluminação LED, RGB, Com Alto Falante - Marrom;R$ 1.112,64
290;Cadeira Gamer XT Racer Speed Series, Até 120kg, Com Almofadas, Reclinável, Descanso de Braço 2D, Preto e Vermelho - XTS140;R$ 899,99
291;Cadeira Gamer Draxen DN2, Até 150kg, Com Almofadas, Reclinável, Descanso de Braço 2D, Preto e Vermelho - DN002/RD;R$ 599,99
292;Cadeira Gamer Cougar Armor Titan Pro - 3MTITANS.0001;R$ 2.788,00
293;Cadeira Gamer Tr-max, Até 120 Kg, de Couro, Giratória, Ajustável - Branca;R$ 1.055,70
294;Cadeira Gamer Thunderx3 Tgc12, Profissional, Suporta Até 120Kg, Preta E Branca;R$ 1.250,50
295;Cadeira Office Elements Lunari, Espuma D50, Mecanismo Frog, Grey;R$ 3.617,44
296;Cadeira Gamer Design Office, Linha Gamer Racing, Com Almofada, Regulavel, Verde Limão com Preto;R$ 4.299,00
297;Cadeira Gamer Infantil Em Couro Pvc Pelegrin Pel-9354, até 60kg - Preto Com Cinza;R$ 279,00
298;Cadeira Thunderx3 Tc3, até 125 kg, Rotação de 360 grau, Azure Blue;R$ 1.358,15
299;Cadeira Gamer Fortt Mendoza, Preta - Cgf002-P;R$ 429,00
300;Cadeira Gamer Acer Predator Rift Lite 2ª Gen, Até 110 kg, Reclinável, Preto e Azul - gp.gcr11.00n;R$ 1.299,00
301;Cadeira Boxbit Falcon, Em Tela Preta, Base Cromada Rodízio, Peso suportado: 120Kg;R$ 781,83
302;Cadeira Gamer Thunderx3 BC3, Peso Suportado até 150Kg, Base resistente de metal, Vermelha;R$ 880,47
303;Cadeira Gamer Racer X, Reclinável - Branca;R$ 793,00
304;Cadeira Gamer TC3 ThunderX3, Suporta até 150Kg, Bumblebee Yellow;R$ 1.358,15
305;Cadeira Gamer PlayerXTreme Executiva Escritório, PU, Vermelho;R$ 789,90
306;Cadeira Gamer Neologic Golden Antares, Pistão Classe 4, 4d, Reclinável, Preto E Dourado, Até 200kg - Nantgd;R$ 1.174,23
307;Cadeira Gamer Sharkoon Elbrus 2, Black Blue;R$ 899,99
308;Cadeira Gamer Mymax Mx16, Giratória, Preto/Prata;R$ 720,80
309;Cadeira Gamer TC3 ThunderX3, Suporta até 125Kg, All White;R$ 959,90
310;Cadeira Gamer Office Giratória, Com Elevação A Gás, Extreme F03, Preto E Vermelho - Lyam Decor;R$ 874,90
311;Cadeira Gamer Pelegrin, Até 150 Kg, Em Couro Pu, Reclinável, Preta e Vermelha - PEL-3019;R$ 499,00
312;Cadeira Gamer Mymax, Com Almofadas, Braço 2D,  Cilindro de Gás Classe 3, Giratória, Preto e Vermelho - MX13;R$ 763,30
313;Cadeira Gamer, XT Racer Defender, Reclinável Ergonômica, Tecido Polyester, Preto e Vermelho;R$ 1.399,00
314;Cadeira Gamer XT Racer Draco, Até 120kg, Com Almofadas, Reclinável, Descanso de Braço 4D, Preto - XTR-064;R$ 1.629,99
315;Cadeira Gamer Sharkoon Elbrus 2, Black Green;R$ 899,99
316;Cadeira Gamer Sharkoon Elbrus 2, Black Red;R$ 899,99
317;Cadeira Gamer Pelegrin Pel-3009, Couro Pu - Preta E Vermelha;R$ 549,00
318;Cadeira Gamer Star Game WG-03, Reclinável, Suporta até 120 kg, Vermelha e Preta;R$ 628,92
319;Cadeira Gamer São Paulo SPFC Fanático Boxbit Base Rodízio;R$ 669,38
320;Cadeira Gamer PCYes Mad Racer STI Turbo Red Magma, Até 120kg, Reclinável, Vermelho - MRSTIR10VL;R$ 679,99
321;Cadeira Gamer DT3 Nero XL, Até 160Kg, Com Almofada, Descanso de Braço 4D, Bubble - 13636-9;R$ 1.459,99
322;Cadeira Gamer Cougar Gaming Argo One 3margos.0001;R$ 3.199,00
323;Cadeira Gamer Pelegrin Kids, Em Couro Pu, Preta e Cinza, - PEL-9353;R$ 339,00
324;Cadeira Gamer X Fusion, Até 120 Kg, Verde - C.123;R$ 591,87
325;Cadeira Gamer Thunderx3 Ec1, Suporta Até 120kg, Cilindro De Gás, Almofadas, Preto E Rosa - 78233;R$ 838,52
326;Cadeira Gamer Warrior Karna, Peso Suportado até 120Kg, Basculante, Giratória, Preta - Ga201;R$ 594,79
327;Cadeira Gamer Sakes, Peso Máximo Suportado (Kg): 100kg, Azul - INP21003;R$ 499,00
328;Cadeira Gamer Thunderx3 Tgc12, Profissional, Suporta Até 120kg, Com Almofadas, Preto E Rosa;R$ 1.250,50
329;Cadeira Gamer Pcyes Mad Racer STI Master, Peso Suportado até 120Kg, Pistão a Gás, Azul - Madstimsaz;R$ 804,75
330;Cadeira gamer dt3sports royce tecido graphite 13337-7;R$ 3.297,87
331;Cadeira Gamer De Balanço Pelegrin Pel-3024 Preta Com Led E Auto-falante Bluetooth;R$ 810,84
332;Cadeira Gamer Pelegrin Pel-3006, Suporta Até 150Kg, Em Couro Pu, Preto e Verde;R$ 509,00
333;Cadeira Gamer Rocket, Peso Suportado até 150Kg, Ajuste de altura, Preto e Verde - Cgr10pvd;R$ 887,88
334;Cadeira Gamer Dt3 Elise Fabric V2 13444-6, Azul, Com Almofadas Reclinavel E Com Descanso De Braco, 1d U Unica;R$ 1.276,82
335;Cadeira Gamer Pelegrin, Até 150 Kg, Em Couro PU, Reclinável - PEL-3010;R$ 579,00
336;Cadeira Gamer XT Racer Speed Series, Até 120kg, Com Almofadas e Apoio de Pés, Reclinável, Descanso de Braço 2D, Preto - XTS190;R$ 979,99
337;Cadeira Gamer Alpha Gamer Zeta, Até 120 Kg, Preto e Vermelho - AGZETA-BK-R;R$ 699,99
338;Cadeira Gamer Healer até 120 kg Preto E Branco Healer Lancer Reclinável Giratória;R$ 469,90
339;Cadeira Gamer Cooler Master Caliber X1c Preto Cmi-gcx1c-bk, Suporta: 150kg;R$ 2.299,03
340;Cadeira Gamer Infantil Em Couro Pvc Pelegrin Pel-9354, até 60kg - Preto Com Vermelho;R$ 279,00
341;Cadeira Gamer Pelegrin em Couro Pu, Reclinável, Suporta até 150Kg, Preta e Verde - Pel-3018;R$ 699,00
342;Cadeira Gamer Profissional ThunderX3 TGC12, Peso Suportado até 120Kg, Preto;R$ 1.106,95
343;Cadeira Gamer Noblechairs Hero, Black Red - NBL-HRO-PU-BRD;R$ 2.099,99
344;Cadeira Gamer Conthey Cinesis Xtreme, Até 150 Kg - N2159702;R$ 1.501,00
345;Cadeira Gamer Copa Do Mundo Qatar 2022 Edição Especial Preto Com Vermelho - Mt-2000 Bb1;R$ 988,90
346;Cadeira Gamer Boxbit São Paulo SPFC Invicto, até 120Kg, Base Rodízio, reclina até 170 graus, com almofadas;R$ 1.071,00
347;Cadeira Gamer, MX11, Giratória, Preto E Roxo, Mymax;R$ 423,30
348;Cadeira Gamer Maxoffice DN2, Até 150 Kg, Preto e Vermelho, Draxen;R$ 635,80
349;Cadeira Gamer Reclinável Com Apoio De Pés Alien Healer Tm, Suporta até 120Kg, Preta;R$ 739,90
350;Cadeira Gamer Fox Racer Nordic, 125kg, Courino, Encostos Ajustável, Preto;R$ 719,00
351;Cadeira Gamer Pelegrin Pel-3009, Couro PU - Preta, Vermelha E Azul;R$ 549,00
352;Cadeira Gamer Racer X Comfort, 100Kg, Preta;R$ 803,65
353;Cadeira Gamer Cooler Master Caliber R2 Roxa - Cmi-gcr2-2019;R$ 1.888,90
354;Cadeira Gamer Em Couro PU, Reclinável - PEL-C215;R$ 629,00
355;Cadeira Gamer V4 Company Ltv Elements, Até 140Kg, Couro Sintético PU;R$ 698,99
356;Cadeira Gamer Boxbit Palmeiras Invicto Base Rodízio, Peso suportado: 120Kg;R$ 1.071,00
357;Cadeira Gamer Pelegrin Pel-3015, Em Couro PU, Reclinável - Preta E Vermelha;R$ 519,00
358;Cadeira Gamer Boxbit  Atlético Mineiro Invicto, Até 120 Kg, Base Rodízio;R$ 1.071,00
359;Cadeira Gamer Cooler Master Caliber X2, Preto Com Cinza;R$ 1.914,57
360;Cadeira Gamer Eaglex Pro Reclinável, Até 150 Kg, Vermelho;R$ 665,54
361;Cadeira Gamer Racer X Comfort, Azul.;R$ 803,65
362;Cadeira Gamer Cruiser Fortrek, Suporta até 135Kg, Preta/Azul;R$ 1.015,43
363;Cadeira Gamer ThunderX3 EC3, Peso Suportado até 150Kg, Ajustável, Ciano E Preto - 68000;R$ 1.187,97
364;Cadeira Gamer Husky Gaming Storm 100, Preto - Pistão Classe 3, Descanso Pernas Retrátil, Almofadas cabeça e lombar - HGMA168;R$ 499,99
365;Cadeira Gamer Fortrek Vickers, Black/Red - 70520;R$ 629,99
366;Cadeira Gamer ELG Drakon, Peso Máx. Suportado 140Kg, Ajuste de altura com sistema Butterfly, Preto - Ch31bk;R$ 878,88
367;Cadeira Gamer Mymax MX1, Peso Suportado até 120Kg, Giratória, Preto e Verde;R$ 423,30
368;Cadeira Gamer New WG-02, Branco;R$ 614,88
369;Cadeira Gamer, Modelo Outrider S Royal - Ref.3mournxb.0001;R$ 1.785,85
370;Cadeira Gamer Fortrek Blackfire, Suporta até 120Kg, Preta/Vermelha;R$ 724,85
371;Cadeira Gamer ThunderX3 EC3, Peso Suportado até 150Kg, Ergonômica, Reclinável, Preta - 67998;R$ 1.187,97
372;Cadeira Gamer Profissional Dc Superman Reclinável Suporta Até 150kg Azul;R$ 715,90
373;Cadeira Gamer, Xtreme Gamers, Cinesis Ny, até 120 Kgs, Reclinável, Braços Fixos, Preta E Branca;R$ 594,96
374;Cadeira Office Pro Gamer X D'rossi;R$ 1.889,90
375;Cadeira Gamer Dt3 Sports Girl Power V2,Com Almofadas Reclinavel Descanso De Braco, 1d+ Branco E Rosa, U Unica;R$ 1.265,11
376;Cadeira, Dt3sports, Elise, Pink;R$ 1.319,84
377;Cadeira Gamer Design Office, Linha Gamer Racing, Com Almofada, Regulavel, Café com Preto;R$ 4.299,00
378;Cadeira Gamer Goldentec, GT Blue;R$ 891,60
379;Cadeira Gamer Falcon, Fury,Vermelha;R$ 499,90
380;Cadeira Gamer Mx5, 150kg, Giratória, Com almofadas, Reclinável, Preto/Vermelho;R$ 652,80
381;Cadeira Gamer MoobX GT Racer Peso Suportado (kg): 120;R$ 839,90
382;Cadeira Gamer Cooler Master Caliber R2c Cool-in - Preto;R$ 1.753,50
383;Cadeira Gamer Infantil Em Couro Pvc Pelegrin Pel-9354, até 60kg - Preto Com Azul;R$ 279,00
384;Cadeira Gamer Warrior Tongea, Até 120 Kg, Verde - GA160;R$ 704,14
385;Cadeira Gamer, Júpiter, Em Couro, Reclinável E Giratória - Vermelha;R$ 1.681,92
386;Cadeira Presidente Gamer, em Couro Pu, Preta e Azul, Pelegrin - Pel-3002;R$ 469,00
387;Cadeira Gamer Brazil PC Júpiter, Em Couro, Reclinável E Giratória, Castanho E Caramelo;R$ 1.057,83
388;Cadeira Gamer Pelegrin, Até 150 Kg, Em Couro PU, Reclinável, Preta E Azul - PEL-3015;R$ 519,00
389;Cadeira Gamer Cougar Armor Elite Royal, Até 120Kg - 3meliglb.0001;R$ 1.335,40
390;Cadeira Gamer Ideal, Giratória, 84x65x34cm;R$ 679,15
391;Cadeira Gamer Gallant Racer, Até 140 Kg, Giratória, Altura Regulável, Preta E Vermelha - GCD100RPUA-PT;R$ 1.259,00
392;Cadeira Gamer Thunderx3 BC3 CAMO/AZ Admiral, Peso Suportado até 120Kg, Ergonômica, Reclinável, Camuflada;R$ 880,47
393;Cadeira Gamer Thunderx3 Ec1, Suporta Até 120kg, Cilindro De Gás, Almofadas, Preto E Branco - 78234;R$ 838,52
394;Cadeira Gamer Dt3 Nero Graphite 13748-3, Revestimento Com Tecido, Braco 3d, Ajuste Altura E Inclinacao, U Unica;R$ 1.487,70
395;Cadeira Gamer  Thunderx3 BC3, Peso Suportado até 150Kg, Ergonômica, Reclinável, Preta;R$ 1.180,65
396;Cadeira Gamer Shopb Claire, Reclinável E Giratória, Peso Suportado: Até 120kg, Preta;R$ 552,42
397;Cadeira Gamer Gamdias Zelus M3 L Bo, Até 140Kg, Preto E Laranja;R$ 1.126,02
398;Cadeira Gamer Copa Do Mundo Qatar 2022 Edição Especial Vermelho Com Branco - Dx-3000 Lx2;R$ 988,90
399;Cadeira Gamer Cougar Armor Titan Pro Royal,  até 160kg, Com Almofadas, Reclinável, Preta - 3MTITANR.0001;R$ 2.463,30
400;Cadeira Gamer Mx5 Giratória Branco E Azul Marinho - Mymax;R$ 764,15
401;Cadeira Gamer, Galax, GC-01 RGB - Preto;R$ 2.599,90
402;Cadeira Gamer Cruiser Fortrek, Suporta até 135Kg, Ajustável, Butterfly, Preta;R$ 1.035,85
403;Cadeira Gamer ThunderX3 Black Hawk, Peso Suportado até 150Kg, Tecnologia Air Tech, Cinza - BC3 CAMOe CZ;R$ 880,47
404;Cadeira Gamer Infantil Em Couro Pvc Pelegrin Pel-9354, até 60kg - Preto Com Amarelo;R$ 279,00
405;Cadeira Gamer Greatek Giratória, Até 150Kg, Estofada, Preta;R$ 629,90
406;Cadeira Gamer, Redragon Coeus, Preta/vermelha - C201-br;R$ 1.637,25
407;Cadeira Gamer Evolut Ace,Suporta Ate 120kg, Preto E Vermelho;R$ 679,99
408;Cadeira Gamer Gallant Pro, Até 140 Kg, Giratória, Altura Regulável, Preto e Vermelho;R$ 1.059,00
409;Cadeira Gamer Mymax Mx5, Até 150Kg, Giratória, Preto E Azul;R$ 652,80
410;Cadeira Gamer Vinik Rocket, 120kg, Ajuste de altura e inclinação Preto e Vermelho - CGR10PVM;R$ 679,99
411;Cadeira Gamer Sharkoon Shark Skiller SGS4 Black;R$ 1.599,99
412;Cadeira Gamer Ergonomica Cougar Argo 3mergoch Preto E Laranja;R$ 3.399,00
413;Cadeira Gamer Pelegrin, Em Couro PU, Reclinável, Preta E Vermelha - PEL-3003;R$ 839,00
414;Cadeira Gamer Pelegrin Pel-3023 Reclinável Com Led Preta;R$ 699,00
415;Cadeira Gamer DN2, Preto e Azul, Draxen;R$ 635,80
416;Cadeira Gamer New, Até 120 Kg, Verde - WG-02;R$ 614,88
417;Cadeira Gamer Fox Racer, Até 130 Kg, Iluminação LED, RGB, Marrom, Com Alto Falante;R$ 1.175,90
418;Cadeira Gamer Draxen DN2, Até 150kg, Com Almofadas, Reclinável, Descanso de Braço 2D, Preto e Azul - DN002/BL;R$ 599,99
419;Cadeira Gamer Boxbit Palmeiras Fanático Peso suportado: 120Kg, Base Rodízio;R$ 669,38
420;Cadeira Gamer Gc200, Estofado Em Couro Sintético, 100kg, Preto e Laranja;R$ 902,41
421;Cadeira Gamer Mymax MX5, Até 150 Kg, Giratória, Branco e Azul;R$ 653,65
422;Cadeira Gamer Mymax Mx5, Peso Suportado até 150Kg, Giratória, Preto e verde;R$ 678,30
423;Cadeira Gamer Gallant Pro Giratória, Altura Regulável, Preta - GCD10GPUB-AZ;R$ 999,00
424;Cadeira Gamer Thunderx3 Tgc12, Evo Edição Limitada, até 125 kg, Ergonômica, Braço Bidirecional, Azul;R$ 1.304,85
425;kit 2 Cadeiras Gamer PlayerXTreme Executiva Escritório, PU, Vermelho;R$ 1.579,90
426;Cadeira Gamer Profissional ThunderX3 TGC12, Peso Suportado até 120Kg, Preta e Azul;R$ 1.158,55
427;Cadeira Gamer Show de Cadeiras X Fusion, Suporta até 120kg, Giratória, inclinação em estágios e rodízio anti-risco, Preto - C.123;R$ 591,87
428;Cadeira Gamer Mymax Mx1, Giratória, Preto E Vermelho - mgch-8131/rd;R$ 423,30
429;Cadeira Gamer Cougar Terminator, Até 135Kg - Ref.3mternxb.0001;R$ 6.678,33
430;Cadeira Gamer Dt3 Elise Fabric V2 13445-7, Cinza, Com Almofadas Reclinavel E Com Descanso De Braco, 1d U Unica;R$ 1.361,53
431;Cadeira Gamer Thunderx3 Tgc12, Evo Edição Limitada, até 125 kg, Ergonômica, Braço Bidirecional, Vermelha;R$ 1.146,65
432;Cadeira Gamer Sakes, Vermelha - INP21001;R$ 555,90
433;Cadeira Gamer Fortrek Black Hawk, Peso Suportado até 140Kg, Altura Ajustável, Preto e Vermelho;R$ 734,28
434;Cadeira Gamer Pelegrin, Couro Pu, Preto E Vermelha - PEL-3006;R$ 509,00
435;Cadeira, Dt3sports, Elise, Blue;R$ 1.827,21
436;Cadeira Gamer Greatek Reclinável, Até 150Kg, Estofada, Roxa e Preta;R$ 949,00
437;Cadeira Gamer Moobx Thunder Preto;R$ 899,99
438;Cadeira Gamer Pcyes Mad Racer V8 Turbo, até 180kg, Inclinação 135º, ergonômica, estofado de poliéster  Vermelha - V8tbmadvm;R$ 1.385,28
439;Cadeira Gamer X Fusion, Suporta até 120Kg, Rosa - C.123;R$ 690,68
440;Cadeira Gamer Fortrek Black Hawk, Peso Suportado até 140Kg, Espuma moldada por injeção, Preta e Rosa - Fkcrpp;R$ 817,57
441;Cadeira Gamer Mymax Mx5, Até 150 Kg, Giratória, Preta e Vermelha;R$ 653,65
442;Cadeira Gamer Elements Magna Special, até 150Kg, Ergonômico, Grafite;R$ 1.784,15
443;Cadeira Gamer DT3Sports Elise Fabric, Suporta até 130Kg, Azul;R$ 1.748,84
444;Cadeira Gamer ThunderX3 TC3, Suporta Até 150Kg, All Black;R$ 1.294,00
445;Cadeira Gamer Cougar Armor One 3MARONXB-0001, Preta e Laranja;R$ 1.806,70
446;Cadeira Dxracer Dog (jk004-nw);R$ 1.780,62
447;Cadeira Gamer Pelegrin, Reclinável, Preta E Cinza - PEL-3018;R$ 699,00
448;Cadeira Gamer Pelegrin Pel-3019, Suporta até 150Kg, em Couro Pu, Encosto reclinável com trava, com almofadas, Preta;R$ 599,00
449;Cadeira Gamer Fortrek Vickers, Preta;R$ 679,18
450;Cadeira Gamer, Fifa Qatar 2022, Checkpoint, Vermelho Com Branco - MT-2000 BW1;R$ 988,90
451;Cadeira Gamer Cruiser Fortrek, Suporta até 135Kg, Preto/Rosa;R$ 1.035,85
452;Cadeira Gamer ThunderX3 EC3, Suporta até 150Kg, Preta/Vermelha;R$ 1.059,90
453;Cadeira Gamer Comet Vinik, Branca, Ergonômica, Reclinável Com Apoio De Braço 2d E Ajuste De Altura;R$ 830,15
454;Cadeira Gamer Design Office Diretor, Linha Gamer Racing, ate 110 Kg, Sem Almofada, Cinza Claro com Preto;R$ 3.593,36
455;Cadeira Gamer Design Office, Linha Gamer Racing, Com Almofada, Regulavel, Rosa Pink com Preto;R$ 4.299,00
456;Cadeira Gamer Design Office Diretor, Linha Gamer Racing, ate 110 Kg, Sem Almofada, Preto com Preto;R$ 3.593,36
457;Cadeira Gamer Design Office, Linha Gamer Racing, Com Almofada, Regulavel, Roxo com Preto;R$ 4.299,00
458;Cadeira Gamer Design Office Diretor, Linha Gamer Racing, ate 110 Kg, Sem Almofada, Café com Preto;R$ 3.593,36
459;Cadeira Gamer Design Office Diretor, Linha Gamer Racing, ate 110 Kg, Sem Almofada, Azul Claro com Preto;R$ 3.593,36
460;Cadeira Gamer Design Office Diretor, Linha Gamer Racing, ate 110 Kg, Sem Almofada, Vinho com Preto;R$ 3.593,36
461;Cadeira Gamer Design Office Diretor, Linha Gamer Racing, ate 110 Kg, Sem Almofada, Bege com Preto;R$ 3.593,36
462;Cadeira Gamer Design Office Diretor, Linha Gamer Racing, ate 110 Kg, Sem Almofada, Laranja com Preto;R$ 3.593,36
463;Cadeira Gamer Design Office, Linha Gamer Racing, Com Almofada, Regulavel, Rosa Claro com Preto;R$ 4.299,00
464;Cadeira Gamer Base Giratória Com Braço Linha Gamer Racing;R$ 3.593,36
465;Cadeira Gamer Design Office Diretor, Linha Gamer Racing, ate 110 Kg, Sem Almofada, Marrom com Preto;R$ 3.593,36
466;Cadeira Gamer Design Office Diretor, Linha Gamer Racing, ate 110 Kg, Sem Almofada, Verde com Preto;R$ 3.593,36
467;Cadeira Gamer Design Office, Linha Gamer Racing, Com Almofada, Regulavel, Telha com Preto;R$ 4.299,00
468;Cadeira Gamer Design Office Diretor, Linha Gamer Racing, ate 110 Kg, Sem Almofada, Verde Água com Preto;R$ 3.593,36
469;Cadeira Gamer Design Office, Linha Gamer Racing, Com Almofada, Regulavel, Azul com Preto;R$ 4.299,00
470;Cadeira Gamer Design Office, Linha Gamer Racing, Com Almofada, Regulavel, Verde com Preto;R$ 4.299,00
471;Cadeira Gamer Design Office Diretor, Linha Gamer Racing, ate 110 Kg, Sem Almofada, Azul com Preto;R$ 3.593,36
472;Cadeira Gamer Design Office, Linha Gamer Racing, Com Almofada, Regulavel, Marrom com Preto;R$ 4.299,00
473;Cadeira Gamer Decoremix Peso Suportado 120 kg, Giratória, Braços Retrátil;R$ 599,00
474;Cadeira Gamer Top Tag Preta E Vermelha - Hs2691i;R$ 900,47
475;Cadeira Gamer Design Office Móveis Interlocutor Linha Gamer Racing, Peso recomendado: até 120 kg, Laranja;R$ 3.593,36
476;Cadeira Gamer Design Office Móveis Interlocutor Linha Gamer Racing, Peso recomendado: até 120 kg, Vermelho;R$ 3.593,36
477;Cadeira Gamer Amarelo Com Almofada Linha Gamer Racing;R$ 4.299,00
478;Cadeira Gamer Design Office Móveis Interlocutor Linha Gamer Racing, Peso recomendado: até 120 kg, Verde;R$ 3.593,36
479;Cadeira Gamer Design Office Móveis Interlocutor Linha Gamer Racing, Peso recomendado: até 120 kg, Rosa;R$ 3.593,36
480;Cadeira Gamer Tr-max, Até 120 Kg, de Couro, Giratória, Ajustável - Preta;R$ 1.055,70
481;Cadeira Gamer Draxen Dn3 Giratoria - Preto/azul;R$ 754,92
482;Cadeira Gamer Para Escritório, Linha Gamer Racing, Vermelho;R$ 4.125,71
483;Cadeira Gamer Para Escritório, Linha Gamer Racing, Cinza;R$ 4.125,71
484;Cadeira Gamer Para Escritório, Linha Gamer Racing, Marrom;R$ 4.125,71
485;Cadeira Gamer Para Escritório, Linha Gamer Racing, Rosa;R$ 4.125,71
486;Cadeira Gamer, Interlocutor, Linha Gamer Racing - Cinza;R$ 3.593,36
487;Cadeira Gamer Para Escritório, Linha Gamer Ravenna, Vermelho;R$ 2.959,00
488;Cadeira Gamer, Interlocutor, Linha Gamer Racing - Vermelho;R$ 3.593,36
489;Cadeira Gamer Para Escritório, Linha Gamer Racing, Branco;R$ 4.125,71
490;Cadeira Gamer Design Office, Interlocutor Linha Gamer Racing - Marrom;R$ 3.593,36
491;Cadeira Gamer, Interlocutor, Linha Gamer Racing - Amarelo;R$ 3.593,36
492;Cadeira Gamer Design Office Móveis Para Home Office Linha Gamer Blenda Azul;R$ 2.345,00
493;Cadeira Gamer Para Escritório, Linha Gamer Racing, Verde;R$ 4.125,71
494;Cadeira Gamer Para Escritório, Linha Gamer Racing, Vermelho;R$ 4.125,71
495;Cadeira Gamer Para Escritório, Linha Gamer Racing, Cinza Claro;R$ 4.125,71
496;Cadeira Gamer, Giratória Com Braço, Linha Gamer Racing - Azul;R$ 4.125,71
497;Cadeira Gamer, Interlocutor, Linha Gamer Racing - Rosa;R$ 3.593,36
498;Cadeira Gamer Design Office Móveis Giratória Com Braço, Linha Gamer Racing - Azul;R$ 4.125,71
499;Cadeira Gamer Design Office Móveis, Giratória Linha Gamer Racing - Amarelo;R$ 4.125,71
500;Cadeira Gamer Design Office Móveis Base Giratória Com Braço, Linha Gamer Racing - Vermelho;R$ 4.125,71
501;Cadeira Gamer Neologic Sirius, Pistão Classe 4, 4d, Reclinável Até 160, Preto,  Até 150kg - Nsirbl;R$ 1.102,06
502;Cadeira Gamer Healer, Level Reclinável Giratória Com Apoio De Pés - Vermelho E Preto;R$ 629,90
503;Cadeira Gamer PCYes Mad Racer V8 Turbo, Até 12Kg, Descanso de Braço 4D, Cinza - V8TBMADCZ;R$ 1.099,99
504;Cadeira Gamer Ideal, Giratória, 83x65x32cm;R$ 594,15
505;Cadeira Gamer Ideal, Giratória, 83x63x28.5cm;R$ 509,15
506;Cadeira Gamer Aerocool Air, Preto E Vermelho - Ac40c;R$ 699,00
507;Cadeira Gamer Cougar Armor Evo Royal, Até 160kg - 3mevoglb.0001;R$ 3.338,33
508;Cadeira Gamer Cougar Armor Evo, Até 160kg  - 3mevoorb.0001;R$ 3.338,33
509;Cadeira Gamer Healer, Level Reclinável Giratória Com Apoio De Pés - Verde E Preto;R$ 629,90
510;Cadeira Gamer Dn2 Preto/azul Celeste - Draxen;R$ 636,65
511;Cadeira Gamer Executiva Escritório Gran Belo Kenpachi Pu Sintético, Vermelho G24;R$ 789,90
512;Cadeira Gamer Neologic Draco, Pistão Classe 4,  Preto, Até 150kg - Ndrabl;R$ 700,00
513;Cadeira Gamer Dt3 Sports Mizano Fabric - Preto;R$ 1.444,42
514;Cadeira Gamer Gamdias Zelus E3 Weave L Gb, até 120kg, C/ Apoio De Braço, Cinza/preto;R$ 796,50
515;Cadeira Gamer Neologic Viper, Pistão Classe 4, 2d, Preto E Branco, Até 150kg - Nviwhi;R$ 772,16
516;Cadeira Gamer Redragon Metis, Preta e Vermelha  C102-BR;R$ 1.644,63
517;Cadeira Gamer Maxprint/dazz, Omega, Preta, Peso Máximo Suportado: 100kg;R$ 519,90
518;Cadeira Gamer Cougar Armor Elite Black, Até 120kg - 3meliblb.0001;R$ 1.317,63
519;Cadeira Gamer Cooler Master, Caliber R1- Preto e Roxo, Cmi-gcr1 2018.;R$ 1.524,02
520;Cadeira Thunderx3 Tc3, até 125 kg, Rotação de 360 grau, Sakura White;R$ 1.358,05
521;Cadeira Gamer Cooler Master, Caliber R1- Preto e Roxo, Cmi-gcr1 2018.;R$ 1.524,02
522;Cadeira Gamer Fox Racer, Até 130 Kg, RGB, Preta, Com Iluminação E Alto Falante;R$ 1.175,90
523;Cadeira Gamer Draxen Dn3, Giratória, Até 150Kg, Preto/Branco;R$ 699,00
524;Cadeira Gamer Fox Racer, Até 130 Kg, Iluminação LED, RGB, Marrom – Logo Preto;R$ 922,83
525;Cadeira Gamer, Predator Com Acabamento Premium, Espuma De Alta Densidade;R$ 2.799,00
526;Cadeira Gamer BRX 719, Até 120Kg, Vermelho E Preto;R$ 449,18
527;Cadeira Gamer Infantil Pelegrin, Em Couro Pu, Preta e Vermelha - Pel-9353;R$ 339,00
528;Cadeira Gamer Kids, Em Couro Pu, Preta e Azul, Pelegrin - Pel-9353;R$ 339,00
529;Cadeira Presidente Gamer, Em Couro Pu, Preta e Vermelho, Pelegrin - Pel-3002;R$ 469,00
530;Cadeira Gamer Pelegrin Em Couro Pu, Reclinável, Preta E Azul - Pel-3013;R$ 668,00
531;Cadeira Gamer Pelegrin Em Couro Pu Reclinável Pel-3012 Preta E Cinza;R$ 819,00
532;Cadeira Gamer Pelegrin, Em Couro PU, Reclinável, Preta E Verde - PEL-3012;R$ 819,00
533;Cadeira Presidente Gamer Em Couro Pu, Preta E Verde Pelegrin - PEL-3002;R$ 469,00
534;Cadeira Gamer Pelegrin Em Couro Pu, Reclinável, Preta E Vermelha - PEL-3013;R$ 668,06
535;Cadeira Gamer Pelegrin, Couro Pu Preta, Vermelha E Verde - PEL-3009;R$ 549,00
536;Cadeira Gamer Pelegrin Pel-3005 Preta E Verde;R$ 439,00
537;Cadeira Gamer Cooler Master Caliber R1s - Camo Sakura Edição Especial, Suporta: 150kg;R$ 1.669,90
538;Cadeira Gamer Greatek, Até 150Kg, Reclinável, Estofada, Azul e Preta;R$ 799,00
539;Cadeira Gamer Ideal, Giratória, 83x63x28.5cm;R$ 424,15
540;Cadeira Gamer, Xtreme Gamers, Supra, até 120 Kgs, Reclinável, Braços Fixos, Preta E Azul;R$ 549,90
541;Cadeira Dt3 Gamma Fabric Black, Peso máximo suportado: 120kg;R$ 1.311,97
542;Cadeira Gamer Dt3 Sports Tanoshii V2 13435-6, Preto E Azul, Suporta Ate 130kg Braco 1d+ Encosto Reclinavel, U Unica;R$ 1.335,40
543;Cadeira Gamer Grigio Dt3 Sports - Cinza;R$ 1.276,82
544;Cadeira Gamer Elg Racing Ch03rd;R$ 798,31
545;Cadeira Gamer Design Office Móveis Interlocutor Linha Gamer Racing, Peso recomendado: até 120 kg, Roxo;R$ 3.593,36
546;Cadeira Gamer Design Office Móveis Para Escritório Linha Gamer Cagliari Rosa;R$ 2.750,00
547;Cadeira Gamer Com Almofada, Cinza, Linha Gamer Racing;R$ 4.299,00
548;Cadeira Gamer Interlocutor  Verde Linha Gamer Racing;R$ 3.593,36
549;Cadeira Gamer Interlocutor  Azul Linha Gamer Racing;R$ 3.593,36
550;Cadeira Gamer Design Office Móveis, Até 120 Kg,  Base com Braço,  Vermelho;R$ 3.593,36
551;Cadeira Gamer Design Office Diretor, Linha Gamer Racing, ate 110 Kg, Sem Almofada, Roxo com Preto;R$ 3.593,36
552;Cadeira Gamer Design Office Diretor, Linha Gamer Racing, ate 110 Kg, Sem Almofada, Verde Limão com Preto;R$ 3.593,36
553;Cadeira Gamer Design Office Diretor, Linha Gamer Racing, ate 110 Kg, Sem Almofada, Rosa Claro com Preto;R$ 3.593,36
554;Cadeira Gamer Base Giratória Com Braço Linha Gamer Racing;R$ 3.593,36
555;Cadeira Gamer Design Office, Linha Gamer Racing, Com Almofada, Regulável, Vermelho com Preto;R$ 4.299,00
556;Cadeira Gamer Design Office, Linha Gamer Racing, Com Almofada, Regulavel, Cinza com Preto;R$ 4.299,00
557;Cadeira Gamer Design Office Diretor, Linha Gamer Racing, ate 110 Kg, Sem Almofada, Amarelo Mostarda com Preto;R$ 3.593,36
558;Cadeira Gamer Design Office, Linha Gamer Racing, Com Almofada, Regulavel, Verde Escuro com Preto;R$ 4.299,00
559;Cadeira Gamer Design Office Diretor, Linha Gamer Racing, ate 110 Kg, Sem Almofada, Cinza com Preto;R$ 3.593,36
560;Cadeira Gamer Base Fixa Com Braço Linha Gamer Racing Azul;R$ 2.756,81
561;Cadeira Gamer Design Office, Linha Gamer Racing, Com Almofada, Regulavel, Azul Claro com Preto;R$ 4.299,00
562;Cadeira Gamer Design Office Móveis Interlocutor, Linha Gamer Racing, até 120 kg, Bege;R$ 3.593,36
563;Cadeira Dt3office Celeste Black Peso máximo recomendado  120kg cilindro classe 3.85mm;R$ 1.099,42
564;Cadeira Gamer Para Escritório, Linha Gamer Racing, Amarelo;R$ 4.125,71
565;Cadeira Gamer Para Escritório, Linha Gamer Racing, Verde;R$ 4.125,71
566;Cadeira Gamer, Giratória Linha Gamer, Racing Amarelo - Azul;R$ 4.125,71
567;Cadeira Gamer, Interlocutor, Linha Gamer Racing - Marrom;R$ 3.593,36
568;Cadeira Gamer Para Escritório, Linha Gamer Racing, Preto;R$ 4.125,71
569;Cadeira Gamer Para Escritório, Linha Gamer Racing, Rosa;R$ 4.125,71
570;Cadeira Gamer Para Escritório, Linha Gamer Racing, Verde;R$ 4.125,71
571;Cadeira Gamer Para Escritório, Linha Gamer Cagliari - Azul;R$ 2.750,00
572;Cadeira Gamer Para Escritório, Linha Gamer Racing, Verde;R$ 4.125,71
573;Cadeira Gamer Para Escritório, Linha Gamer Racing, Laranja;R$ 4.125,71
574;Cadeira Gamer, Giratória, Linha Gamer Racing - Amarelo;R$ 4.125,71
575;Cadeira Gamer Design Office Móveis Base Giratória Com Braço Linha Gamer Racing - Vermelho;R$ 4.125,71
576;Cadeira Gamer Design Office Móveis Giratória Com Braço, Linha Gamer Racing - Azul;R$ 4.125,71
577;Cadeira Gamer, Xtreme Gamers, Maximum, até 120 Kgs, Reclinável, Braços Fixos, Preta E Vermelha;R$ 1.610,90
578;Cadeira Gamer Cougar Armor Elite, Até 120Kg - 3meliorb.0001;R$ 1.475,19
579;Cadeira Gamer Tr-max, Até 120 Kg, de Couro, Giratória, Ajustável - Vermelha;R$ 1.055,70
580;Cadeira Gamer Greatek Estofada, Vermelho E Preta;R$ 999,00
581;Cadeira Gamer Mymax Mx15, Giratória, Preto/Vermelho;R$ 721,65
582;Cadeira Gamer Pcyes Mad Racer Sti Turbo, Até 120Kg, Arctic Blue;R$ 669,99
583;Cadeira Gamer Ideal, Giratória, 78x32x65cm;R$ 509,15
584;Cadeira Gamer  Ideal, Giratória, 76x32x59cm;R$ 424,15
585;Cadeira Gamer Giratoria Preta;R$ 1.045,86
586;Cadeira Gamer Falcon,Fury,Azul;R$ 499,90
587;Cadeira Gamer Falcon,Fury,Preta;R$ 499,90
588;Cadeira Gamer Evolut, Ace, Ate 120 Kg, Preto/azulC- EG-909;R$ 799,00
589;Cadeira Gamer Overseas Overx Pro Opt, Até 120Kg, Ergonômica/Giratória, Preto E Vermelho;R$ 1.099,90
590;Cadeira Gamer Thunderx3 Tgc12, Evo Edição Limitada, até 125 kg, Ergonômica, Braço Bidirecional, Verde;R$ 1.998,89
591;Cadeira Gamer Neologic Stealth, Pistão Classe 4, 4d, Tecido Suede, Preto, Até 200kg - Nstebl;R$ 1.122,68
592;Cadeira Gamer Multi Sense Viper,  Até 130Kg, Azul  - Ga227;R$ 1.003,99
593;Cadeira Gamer Anima Blx6001 Giratória Revestimento Poliester;R$ 1.442,30
594;Cadeira Gamer Or Design F16, Peso Máx. Suportado 120Kg, Resistente, Preto- OR-3318PRETA;R$ 1.167,90
595;Cadeira Thunderx3 Tc3, até 125 kg, Rotação de 360 grau, Neon Green;R$ 1.348,36
596;Cadeira Gamer Thunderx3 Ec3, até 125 kg, com almofadas, Ajustável, Air Tech, Laranja;R$ 1.187,97
597;Cadeira Gamer Sense Viper Multi, Até 130Kg, Preta - Ga226;R$ 1.003,99
598;Cadeira Gamer BRX 702, Até 150Kg, Preto E Vermelha;R$ 719,00
599;Cadeira Gamer Redragon, Coeus, Preta/azul - C201-bb;R$ 1.360,00
600;Cadeira Gamer PCYes Mad Racer STI Turbo Savage Green, Até 120kg, Reclinável, Verde - MRSTIR10VD;R$ 679,99
601;Cadeira Gamer Pelegrin Em Couro Pu, Preta E Vermelha - PEL-3017;R$ 449,00
602;Cadeira Gamer Pelegrin Em Couro Pu, Preta E Azul - PEL-3017;R$ 449,00
603;Cadeira Gamer Pelegrin, Em Couro PU, Reclinável, Preta E Azul - PEL-3003;R$ 839,00
604;Cadeira Gamer Pelegrin Pel-3015, Em Couro PU, Reclinável - Preta E Verde;R$ 519,00
605;Cadeira Gamer Pelegrin Pel-3005 - Azul, Branca E Preta;R$ 439,00
606;Cadeira Gamer Pelegrin Pel-3011, Preta E Vermelha;R$ 589,00
607;Cadeira Gamer Pelegrin Pel-3011, Preta E Azul;R$ 579,00
608;Cadeira Gamer Pelegrin, Preta E Cinza - PEL-3005;R$ 439,00
609;Cadeira Gamer Pelegrin, Couro Pu Preta, Vermelha E Cinza - PEL-3009;R$ 549,00
610;Cadeira Gamer Royale Preto, Branco E Vermelho, com regulagem de altura;R$ 552,42
611;Cadeira Gamer, Xtreme Gamers, Supra, até 120 Kgs, Reclinável, Braços Fixos, Preta E Vermelha;R$ 549,60
612;Cadeira Gamer Marvel Pantera Negra, Suporta Até 150Kg, Reclinável, Roxa - Profissional;R$ 2.049,90
613;Cadeira Gamer Ideal, Giratória, Com LED, RGB,  83x65x32cm;R$ 509,15
614;Cadeira Gamer OexGame Gc500, Com LED E Controle Remoto, Até 120Kg, Cilindro Classe 4, 2 Almofadas Removíveis, Preto E Cinza;R$ 2.184,05
615;Cadeira Gamer Pelegrin Em Couro Pu, Preta E Cinza - PEL-3017;R$ 449,00
616;Cadeira Gamer Dt3 Elise Fabric V2 13443-5, Com Almofadas Reclinável, Com Descanso De Braço 1D, Preto;R$ 980,00
617;Cadeira Gamer Dt3 Sports Elise V2 13436-7 Preta Com Almofadas E Reclinavel U Unica Unica;R$ 980,00
618;Cadeira Gamer Dt3 Sports Elise V3, Verde, Com Almofadas E Descanso De Braco 2d, Ajuste De Altura E Inclinacao,  U Unica;R$ 1.538,07
619;Cadeira Gamer Atacadeiras, Até 120 kg, Com Iluminação LED, Preto;R$ 1.006,88
620;Cadeira Gamer Tr-max, Até 120 Kg, de Couro, Giratória, Ajustável - Azul;R$ 1.055,70
621;Cadeira Gamer Design Office Móveis Para Escritório Linha Gamer Cagliari Verde;R$ 2.750,00
622;Cadeira Gamer, Preto, Com Almofada, Linha Gamer Racing;R$ 4.299,00
623;Cadeira Gamer Base Giratória Com Braço Linha Gamer Racing;R$ 3.593,36
624;Cadeira Gamer Base Giratória Com Braço Linha Gamer Racing;R$ 3.593,36
625;Cadeira Gamer Design Office, Linha Gamer Racing, Com Almofada, Regulável, Vinho com Preto;R$ 4.299,00
626;Cadeira Gamer, Interlocutor Linha Gamer Racing - Preto;R$ 3.593,36
627;Cadeira Gamer Para Escritório, Linha Gamer Racing, Roxo;R$ 4.125,71
628;Cadeira Gamer Para Escritório, Linha Gamer Racing, Azul;R$ 4.125,71
629;Cadeira Gamer Para Escritório, Linha Gamer Racing, Bege;R$ 4.125,71
630;Cadeira gamer dt3sports royce tecido ashen 13340-1;R$ 3.233,84
631;Cadeira Gamer Design Office Móveis Para Home Office Linha Gamer Blenda Amarelo;R$ 2.345,00
632;Cadeira Gamer Para Escritório Linha Gamer Cagliari Laranja;R$ 2.750,00
633;Cadeira Gamer Design Office Móveis Giratória, Linha Gamer Racing - Amarelo;R$ 4.125,71
634;Cadeira Gamer, Interlocutor, Linha Gamer Racing - Vermelho;R$ 3.593,36
635;Cadeira Gamer Para Escritório, Linha Gamer Racing, Vermelho;R$ 4.125,71
636;Cadeira Gamer Para Escritório, Linha Gamer Cagliari, Vermelho;R$ 2.750,00
637;Cadeira Gamer, Interlocutor, Linha Gamer Racing - Branco;R$ 3.593,36
638;Cadeira Gamer Para Escritório, Linha Gamer Cagliari - Verde;R$ 2.750,00
639;Cadeira Gamer Para Escritório, Linha Gamer Racing, Marrom;R$ 4.125,71
640;Cadeira Gamer, Linha Gamer Cagliari - Laranja;R$ 2.750,00
641;Cadeira Gamer, Giratória Com Braço, Linha Gamer, Racing Azul - Vermelho;R$ 4.125,71
642;Cadeira Gamer Para Escritório, Linha Gamer Cagliari - Azul;R$ 2.750,00
643;Cadeira Gamer Redragon Coeus, C201-bw, Ajustável, Couro Sintético, Preta E Branca;R$ 1.599,99
644;Cadeira Gamer King Heavy Duty - Cl-ck005;R$ 1.960,00
645;Cadeira Gamer Design Office Móveis Interlocutor Linha Gamer Racing, Peso recomendado: até 120 kg, Azul;R$ 3.593,36
646;Cadeira Gamer Design Office Móveis Interlocutor Linha Gamer Racing, Peso recomendado: até 120 kg, Verde com Preto;R$ 3.593,36
647;Cadeira Gamer Design Office Móveis Interlocutor Linha Gamer Racing, Peso recomendado: até 120 kg, Cinza;R$ 3.593,36
648;Cadeira Gamer Design Office Móveis Interlocutor Linha Gamer Racing, Peso recomendado: até 120 kg, Verde;R$ 3.593,36
649;Cadeira Gamer OverX Pro Opt, Até 120Kg, Ergonômica, Giratória, Preto E Azul;R$ 1.099,90
650;Cadeira Gamer Base Fixa Com Braço Linha Gamer Racing Azul;R$ 2.756,81
651;Cadeira Gamer Design Office Diretor, Linha Gamer Racing, ate 110 Kg, Sem Almofada, Telha com Preto;R$ 3.593,36
652;Cadeira Gamer Design Office Móveis Gamer Racing, Até 120 Kg, Base com Braço, Vermelho;R$ 3.593,36
653;Cadeira Gamer Design Office, Linha Gamer Racing, Com Almofada, Regulavel, Verde Água com Preto;R$ 4.299,00
654;Cadeira Gamer Design Office Diretor, Linha Gamer Racing, ate 110 Kg, Sem Almofada, Rosa Pink com Preto;R$ 3.593,36
655;Cadeira Gamer Design Office Diretor, Linha Gamer Racing, ate 110 Kg, Sem Almofada, Branco com Preto;R$ 3.593,36
656;Cadeira Gamer Design Office, Linha Gamer Racing, Com Almofada, Regulavel, Branco com Preto;R$ 4.299,00
657;Cadeira Gamer Design Office Diretor, Linha Gamer Racing, ate 110 Kg, Sem Almofada, Vermelho com Preto;R$ 3.593,36
658;Cadeira Gamer Base Giratória Com Braço Linha Gamer Racing Amarelo;R$ 3.593,36
659;Cadeira Gamer Design Office Diretor, Linha Gamer Racing, ate 110 Kg, Sem Almofada, Verde Escuro com Preto;R$ 3.593,36
660;Cadeira Gamer Base Fixa Com Braço Linha Gamer Racing Azul;R$ 2.756,81
661;Cadeira Gamer Design Office, Linha Gamer Racing, Com Almofada, Regulavel, Laranja com Preto;R$ 4.299,00
662;Cadeira Gamer Base Fixa Com Braço Linha Gamer Racing Azul;R$ 2.756,81
663;Cadeira Gamer Base Giratória Com Braço Linha Gamer Racing Vermelho;R$ 4.125,71
664;Cadeira Gamer Design Office, Linha Gamer Racing, Com Almofada, Regulavel, Bege com Preto;R$ 4.299,00
665;Cadeira Gamer Draxen Dn3, Até 150Kg, Giratória - Preto/vermelho;R$ 754,92
666;Cadeira Gamer Giratória, 2 Almofadas, Home Office, Ergonômica Regulagem Altura, Branco Preto;R$ 599,00
667;Cadeira Gamer Clanm,Jungle Preta E Azul;R$ 987,00
668;Cadeira Gamer Cougar Armor Elite Eva - 3melipnb.0001;R$ 1.058,25
669;Cadeira Gamer Aerocool Air, Preto E Azul - Ac40c;R$ 699,00
670;Cadeira Gamer Aerocool Air All Black, Preto - Ac40c;R$ 699,00
671;Cadeira Gamer Evolut, Tanker, Azul, Reclinável, Almofada - Eg-900;R$ 1.507,90
672;Cadeira Gamer Estofada Camuflada Greatek;R$ 1.328,90
673;Cadeira Gamer PCYes Mad Racer V8 Turbo, Até 12Kg, Descanso de Braço 4D, Amarelo - V8TBMADAM;R$ 1.099,99
674;Cadeira Gamer Cooler Master Caliber X1c Cool-in - Cinza;R$ 3.329,90
675;Cadeira Gamer Evolut Prism, Até 135Kg, Cinza E Amarelo - Eg-910;R$ 909,99
676;Cadeira Gamer Falcon, Wake, Azul;R$ 399,00
677;Cadeira Gamer Falcon,Blaster Preto,Branca E Azul;R$ 799,90
678;Cadeira Gamer Falcon, Blaster Preto,Branca E Vermelha;R$ 799,90
679;Cadeira Gamer Healer, Level Reclinável Giratória Com Apoio De Pés - Azul E Preto;R$ 629,90
680;Cadeira Gamer Mvp Retrátil E Reclinável Com Apoio Para Pernas E Braço Até 120kg - Preto/vermelho;R$ 1.677,97
681;Cadeira Gamer Anima Blx6001 recomendada para até 110kg Giratória Revestimento Poliester;R$ 1.442,30
682;Cadeira Gamer Thunderx3 Ec3, até 125 kg, com almofadas, Ajustável, Air Tech, Rosa;R$ 1.187,97
683;Cadeira Gamer Thunderx3 Tgc12 Evo, até 125kg, com almofadas, Braço bidirecional, Couto Sintetico, Branca;R$ 1.338,04
684;Cadeira Gamer Thunderx3 Ec3, até 125 kg, com almofadas, Ajustável, Air Tech, Branca;R$ 1.187,97
685;Cadeira Gamer Viper Pro Mamba, Até 120 Kg, Com Almofadas, Reclinável, Acolchoada, Giratória, Preta - Vi402 Cadmamba602;R$ 982,63
686;Cadeira Gamer Dt3 Sports Nero Elite, Cool Black - 13542-5;R$ 3.135,23
687;Cadeira Gamer Fox Racer, Até 130 Kg, RGB, Preta, Com Iluminação E Alto Falante;R$ 1.112,64
688;Cadeira Gamer King Cl-ck047 - Clanm;R$ 1.920,00
689;Cadeira Gamer Draxen Dn3, Giratória, Até 150Kg, Preto/Verde;R$ 699,00
690;Cadeira Gamer Dt3 Sports Módena, Até 140Kg, Cinza;R$ 1.808,80
691;Cadeira Gamer BRX 711, Até 120kg, Preto E Vermelho;R$ 546,57
692;Cadeira Gamer Pelegrin, Preta E Azul - PEL-3005;R$ 439,00
693;Cadeira Gamer Pelegrin, Em Couro PU, Reclinável, Preta E Vermelha - PEL-3012;R$ 819,00
694;Cadeira Gamer Pelegrin, Reclinável, Preta E Vermelha - PEL-3018;R$ 699,00
695;Kit - Mesa Gamer Pelegrin Pel-002p, Preta + Cadeira Gamer Pelegrin Pel-3017, Cinza;R$ 1.149,00
696;Cadeira Gamer Pelegrin Em Couro Pu, Reclinável, Preta E Cinza - PEL-3013;R$ 668,06
697;Cadeira Gamer Pelegrin, Preta E Vermelha - PEL-3005;R$ 439,00
698;Cadeira Gamer Gxt 707r Resto Gaming Trust;R$ 1.499,30
699;Cadeira Gamer Fox Racer RGB, Iluminação LED, Até 120Kg, Preta;R$ 937,73
700;Cadeira Gamer Infantil Em Couro Pvc Pelegrin Pel-9354, até 60kg - Preto Com Branco;R$ 279,00
701;Cadeira Gamer MoobX Thunder, Peso Suportado até 125Kg, Braços Reguláveis 2D, e Regulagem De Altura, Preto e Azul;R$ 1.104,15
702;Cadeira Gamer, Xtreme Gamers, Cinesis Ny, até 120 Kgs, Reclinável, Braços Fixos, Preta E Azul;R$ 594,96
703;Cadeira Gamer U Fit Black-Red Tt - Ggc-uft-brmwds-01;R$ 1.833,59
704;Cadeira Gamer Reclinável, Greatek, Preto e Vermelho;R$ 1.043,01
705;Cadeira Gamer Dt3 Sports Elise V2 13437-8, Azul, Com Almofadas E Reclinavel, Suporta Ate 130kg, U Unica;R$ 1.361,53
706;Cadeira Gamer Dt3 Sports Elise V2 13439-0, Cinza, Com Almofadas E Reclinavel, Suporta Ate 130kg, U Unica;R$ 1.361,53
707;Cadeira Gamer Dt3 Sports Nero, Até 150Kg, Preto V2;R$ 1.604,85
708;Cadeira Gamer Dt3 Elise Fabric V2 13446-8, Vermelho, Com Almofadas Reclinavel E Com Descanso De Braco, 1d U Unica;R$ 1.131,10
709;Cadeira Gamer Fortrek, Cruiser, Preta/Vermelha, Reclinável;R$ 1.035,85
710;Cadeira Gamer Black Hawk Fortrek, Preta com Verde;R$ 817,57
711;Cadeira Gamer Fortrek Black Hawk, Até 120Kg, Reclinável, Preto E Azul;R$ 817,57
712;Cadeira Gamer, MoobX, Profissional Thunder, Braços Reguláveis 2D e Regulagem De Altura;R$ 899,99
713;Cadeira Gamer, MoobX, Profissional Thunder, Braços Reguláveis 2D e Regulagem De Altura;R$ 999,90
714;Cadeira Gamer MoobX Nitro, Até 125 Kg, Com Regulagem de Altura e Reclinação 180°;R$ 799,90
715;Cadeira Gamer PRO-X Gaming Executiva, Reclinável, Giratóri Preto/Vermelho;R$ 949,90
716;Cadeira Gamer Bela MoobX GT Racer Profissional, Preto/Amarelo;R$ 799,99
717;Cadeira Gamer ThunderX3 Camo/VD Military - BC3;R$ 880,47
718;Cadeira Gamer, MoobX, GT Racer;R$ 839,90
719;Cadeira Gamer Fortrek Vickers, Suporta até 135Kg, Preta/Verde;R$ 887,86
720;Cadeira Gamer Pcyes Mad Racer V8 Turbo, Verde - V8TBMADVD;R$ 1.306,44
721;Cadeira Gamer Pelegrin, Até 150 Kg, Em Couro Pu, Reclinável, Preta e Verde - PEL-3019;R$ 499,00
722;Cadeira Gamer Pelegrin em Couro Pu, Reclinável, Suporta até 150Kg, Preta e Cinza - Pel-3003;R$ 839,00
723;Cadeira Gamer PCYes Mad Racer V6 Turbo, Azul e Preta - GMADV6TAZ;R$ 1.327,85
724;Cadeira Gamer Fortrek Vickers, Suporta até 135Kg, Preta/Rosa;R$ 887,86
725;Cadeira Gamer ThunderX3 TC3, Peso Suportado até 125Kg, Apoio de Braços Bi-direcional, Ember Red;R$ 1.358,15
726;Cadeira Gamer Cruiser Fortrek, Suporta até 135Kg, Preta/Verde;R$ 1.035,85
727;Cadeira Gamer Fortrek Vickers, Peso Suportado até 135Kg, Mecanismo Butterfly, Azul - 70521;R$ 887,86
728;Cadeira Gamer Home Office, Suporta até 120Kg, Branco/Rosa;R$ 888,30
729;Cadeira Gamer Holt Preta e Cinza - Fortrek;R$ 599,00
730;Cadeira Gamer, Thermaltake Comfort Size GTC500;R$ 3.056,29
731;Cadeira Gamer Office Giratória Com Elevação A Gás Pro F03 Preto Vermelho - Lyam Decor;R$ 874,90
732;Cadeira Gamer Elements Gaming Elemental TERRA, Verde;R$ 958,23
733;Cadeira Gamer Mad Racer Sti Master Preto - Madstimspt;R$ 786,99
734;Cadeira Gamer Pcyes Mad Racer V8 Turbo Pink - V8tbmadpk;R$ 1.347,54
735;Cadeira Gamer Cougar Armor One Black Preta, 3MAOBNXB-0001;R$ 2.019,90
736;Cadeira Gamer Gc200 - Oex Game - Preta;R$ 902,41
737;Cadeira Gamer Elg Black Hawk Ch05bkrd;R$ 1.476,90
738;Cadeira Gamer Top Tag, Giratória, Vermelho  - HS2706RD;R$ 1.099,99
739;Cadeira Gamer Pelegrin, Em Couro Pu, Reclinável, Preta e Verde - Pel-3013;R$ 668,06
740;Cadeira Gamer Pelegrin, Em Couro PU, Reclinável, Preta E Azul - PEL-3012;R$ 819,00
741;Cadeira Gamer Reclinável, Preta E Cinza, Kross - KE-GC101;R$ 799,00
742;Cadeira Gamer Reclinável, Preta E Vermelha, Kross - KE-GC100;R$ 799,00
743;Cadeira Gamer Reclinável Predator Com 2 Almofadas Zidi;R$ 1.729,90
744;Cadeira Gamer Reclinável Predator Com 2 Almofadas Zidi;R$ 1.729,90
745;Cadeira Gamer Reclinável Predator, Com 2 Almofadas - Zidi;R$ 1.729,90
746;Cadeira Office Pro Gamer G-force Preto E Azul - D´rossi;R$ 2.476,90
747;Cadeira Gamer Sakes, Vermelha - Sk20028;R$ 609,90
748;Cadeira Gamer Dust, Com Apoio para as Pernas, Retrátil - Vermelha;R$ 858,42
749;Cadeira Gamer New Star, Vermelho E Preto - WG-06;R$ 936,19
750;Cadeira Gamer Giratoria Branco Top Tag - HS927WT;R$ 965,60
751;Cadeira Gamer Moobx Thunder Preto E Vermelho;R$ 999,90
752;Cadeira Gamer Ktrok Ktrone Giratória Retrátil - Laranja;R$ 809,10
753;Cadeira Gamer Giratoria Verde, Top Tag - HS9201GR;R$ 877,27
754;Cadeira Gamer Giratoria Azul Top Tag - HS9201BL;R$ 877,27
755;Cadeira Gamer Home Office, Cinza E Rosa;R$ 888,30
756;Cadeira Gamer Giratoria Hs203i  Toptag;R$ 920,55
757;Cadeira Gamer Gc302, Estofado Em Couro, Sintético, 120kg, Preto e Laranja;R$ 1.299,51
758;Cadeira Gamer Gc301, Estofado Em Couro Sintético, 120kg, Preto e Laranja;R$ 1.424,91
759;Cadeira Gamer New WG-02, Vermelha;R$ 614,88
760;Cadeira Gamer Dt3 Sports Modena Blue, Encosto Reclinável De 180º , Construção Em Aço - 10501-7;R$ 1.599,90
761;Cadeira Gamer Goldentec, Gt, Pink;R$ 1.190,28
762;Cadeira Gamer F-New, Azul, Reclinável Giratória;R$ 919,77
763;Cadeira Gamer, Gt Shock;R$ 1.190,28
764;Cadeira Gamer 3316-or Design - Vermelho;R$ 578,34
765;Cadeira Gamer Top Tag Hs158bli - Azul E Preta;R$ 1.137,78
766;Cadeira Gamer Hoopson, Preto - CG-507;R$ 1.499,87
767;Cadeira Gamer Cooler Master Caliber R2, Até 150 Kg, Vermelha - CMI-GCR2-2019R;R$ 1.477,30
768;Cadeira Gamer, Ergonômica Sanbox Diamond  - Vermelha;R$ 1.256,28
769;Cadeira Gamer Reclinável Greatek, Preto e Azul;R$ 901,55
770;Cadeira Gamer, Giratória Extreme F01, Preta/azul  - Mpozenato;R$ 1.023,90
771;Cadeira Gamer Reclinável Pro F01, Preta e Vermelha - Mpozenato;R$ 1.067,90
772;Cadeira Gamer Dt3sports Rgb Estelar V3;R$ 2.299,00
773;Cadeira Gamer B.Hoff Mobile Reclinável E Relax, Com Iluminação LED RGB, Preta, Peso suportado: até 120 kg.;R$ 966,41
774;Cadeira Gamer Boxbit F16, Vermelha, Base Rodízio;R$ 846,09
775;Cadeira Gamer Boxbit Raptor, Branca, Base Rodízio;R$ 578,34
776;Cadeira Gamer Boxbit Raptor, Azul, Base Rodízio;R$ 578,34
777;Cadeira Gamer Boxbit F16 Army, Base Rodízio;R$ 1.038,87
778;Cadeira Gamer, Oexgame, Gc200, 100kg;R$ 902,41
779;Cadeira Gamer Stars, Com Encosto Reclinável, Mecanismo Backsystem, Preta E Azul, Capacidade Até 120Kg;R$ 628,92
780;Cadeira Gamer Boxbit Raptor, Preta E Cinza, Base Rodízio;R$ 578,34
781;Cadeira Gamer Copa Do Mundo Qatar 2022 Edição Especial Preto Com Roxo - Mt-2000 Bp1;R$ 899,00
782;Cadeira Gamer Mymax MX7, Até 150kg, Com Almofadas, Reclinável, Descanso de Braço 2D, Preto Gold Edition - MGCH-002/BK;R$ ----
783;Cadeira Gamer XT Racer Platinum W Series, Até 120kg, Com Almofadas, Reclinável, Descanso de Braço 3D, Preto - XTR-010;R$ ----
784;Cadeira Gamer DT3 Nero XL, Até 160Kg, Com Almofada, Descanso de Braço 4D, Preto - 13634-7;R$ ----
785;Cadeira Gamer DT3 Nero XL, Até 160Kg, Com Almofada, Descanso de Braço 4D, Graphite - 13639-2;R$ ----
786;Cadeira Gamer DT3 Nero XL, Até 160Kg, Com Almofada, Descanso de Braço 4D, Grape - 13638-1;R$ ----
787;Cadeira Gamer XT Racer Platinum W Series, Até 120kg, Com Almofadas, Reclinável, Descanso de Braço 3D, Off White - XTR-068;R$ ----
788;Cadeira Gamer DT3sports Rhino, Até 200kg, Com Almofadas, Reclinável, Descanso de Braço 4D,  Preto - 11229-5;R$ ----
789;Cadeira Gamer DT3 Romeo, Até 140 kg, Com Almofadas, Apoio de Braço 3D+, Reclinável, Preto - 13791-1;R$ ----
790;Cadeira Gamer Fortrek Cruiser Black - 70514;R$ ----
791;Cadeira Gamer PCYes Mad Racer V8 Turbo, Red - V8TBMADVM;R$ ----
792;Cadeira Gamer Mymax MX5, Até 150Kg, com Ajuste de altura, Giratória, Branco e Rosa - MGCH-MX5/PK;R$ ----
793;Cadeira Gamer ThunderX3 TGC12, Até 120kg, Com Almofadas, Descanso de Braço 2D, Preto e Azul;R$ ----
794;Cadeira Gamer Corsair TC200 Fabric, Até 120Kg, Apoio de Braços 4D, Almofadas, Reclinável, Cilindro Classe 4, Cinza e Branco - CF-9010048-WW;R$ ----
795;Cadeira Gamer XT Racer Platinum W Series, Até 120kg, Com Almofadas, Reclinável, Descanso de Braço 3D, Marrom - XTR-016;R$ ----
796;Cadeira Gamer XT Racer Viking Series, Até 120kg, Com Almofadas e Apoio de Pés, Reclinável, Descanso de Braço 3D, Preto e Branco - XTR-022;R$ ----
797;Cadeira Gamer Raven FXSports, Até 125 kg, Com Almofadas, Cilindro de Gás Classe 4, Preto e Vermelho - CDRFXSPPP;R$ ----
798;Cadeira DT3 Rhino Space Grey, Até 200 Kg, Com Almofadas, Reclinável, Descanso de Braço 4D, Cinza e Preto - 13242-2;R$ ----
799;Cadeira Gamer Husky Gaming Hailstorm 900, Preto e Amarelo, Com Almofadas, Reclinável com Sistema Frog, Descanso de Braço 3D - HGMA091;R$ ----
800;Cadeira Gamer XT Racer Draco, Até 120kg, Com Almofadas, Reclinável, Descanso de Braço 4D, Preto e Cinza - XTR-065;R$ ----
801;Cadeira Gamer ThunderX3 TGC12 EVO, Até 125Kg, com Almofadas, Cilindro de Gás, Preto - 76418;R$ ----
802;Cadeira Gamer Husky Gaming Tempest 500, Preto e Vermelho, Com Almofadas, Descanso Para Pernas Retrátil, Reclinável - HGMA079;R$ ----
803;Cadeira Gamer Fortrek Cruiser, Black/Pink - 70518;R$ ----
804;Cadeira Gamer DT3sports Rhino Red - 11233-0;R$ ----
805;Cadeira Gamer DT3sports Modena, Black Blue - 10501-7;R$ ----
806;Cadeira Gamer DT3 Elise, Até 130 Kg, com Almofadas, Reclinável, Preto e Vermelho - 13442-4;R$ ----
807;Cadeira Gamer  DT3 Nero,  Até 120kg, com Almofada, Reclinável, Braço 4D, Cilindro de Gás Classe 4, Grafite - 13748-3;R$ ----
808;Cadeira Gamer Noblechairs HERO Elden Ring Edição Limitada, até 150Kg, Preto - PGW-NB-HGC-017;R$ ----
809;Cadeira Gamer DT3 Romeo, Até 140 kg, Com Almofadas, Apoio de Braço 3D+, Reclinável, Preto e Azul - 13792-2;R$ ----
810;Cadeira Gamer PCYes Mad Racer STI Turbo Candy Pink, Até 120kg, Reclinável, Rosa - MRSTIR10RS;R$ ----
811;Cadeira Gamer DT3 Royce Ashen, Com Almofadas, Reclinável, Apoio de braço 4D, Cinza e Preto - 13340-1;R$ ----
812;Cadeira Gamer DT3 Sports Rhino Fabric, com Almofada, Reclinável, Apoio de Braço 4D, Cool Black - 13292-7;R$ ----
813;Cadeira Gamer DT3sports Romeo, Até 110kg, Com Almofadas, Reclinável, Descanso de Braço 3D, Preto e Azul - 11203-7;R$ ----
814;Cadeira Gamer DT3sports Modena, Black Red - 10504-0;R$ ----
815;Cadeira Gamer XT Racer Viking Series, Até 120 Kg, Com Almofadas, Reclinável, Descanso de Braço 3D, Preto - XTR-014;R$ ----
816;Cadeira Gamer Alpha Gamer Kappa,  Até 150 kg, Apoio de Braço Acolchoado, Cilindro de Gás Classe 4, Preto e Azul - AGKAPPA-BK-BL;R$ ----
817;Cadeira DT3sports Elise Fabric Black - 12191-4;R$ ----
818;Cadeira Gamer Alpha Gamer Alegra, Até 150 kg, Apoio de Braço 4D, Mecanismo Frog, Apoio Lombar Ajustável, Cinza - AGALEGRA-PUL-GRY;R$ ----
819;Cadeira Gamer DT3 Romeo, Até 140 kg, Com Almofadas, Apoio de Braço 3D+, Reclinável, Cinza - 13794-4;R$ ----
820;Cadeira Gamer Alpha Gamer Polaris Racing Edition,  Até 150Kg, Cilindro de Gás 4, Descanso de Braço 4D, Preto - 5600413202906;R$ ----
821;Cadeira Gamer Corsair T2 Road Warrior, Até 136Kg, Apoio de Braço 4D, com Almofadas, Reclinável, Preto e Amarelo - CF-9010010-WW;R$ ----
822;Cadeira Gamer Alpha Gamer Alegra Fabric Cinza - AGALEGRA-F-GRY;R$ ----
823;Cadeira Gamer Alpha Gamer Alegra Fabric, Até 150 kg, Apoio de Braço 4D, Mecanismo Frog, Apoio Lombar Ajustável, Azul - AGALEGRA-F-BL;R$ ----
824;Cadeira Gamer Alpha Gamer Polaris Office Edition, Até 150Kg, Cilindro de Gás 4, Descanso de Braço 4D, Preto e Castanho - AGPOLARISOE-BWN;R$ ----
825;Cadeira Gamer Alpha Gamer Alegra Fabric, Até 150 kg, Apoio de Braço 4D, Mecanismo Frog, Apoio Lombar Ajustável, Rosa - AGALEGRA-F-PK;R$ ----
826;Cadeira Gamer Elements Magna, Até 130kg, Descanso de Braço 3D, Cilindro de Gás Classe 4, Linho, Cinza Escuro - 70003;R$ ----
827;Cadeira Gamer Corsair TC200 Fabric, Até 120Kg, Apoio de Braços 4D, Almofadas, Reclinável, Cilindro de Gás Classe 4, Preto - CF-9010049-WW;R$ ----
828;Cadeira Gamer Husky Gaming Storm, Cinza, Preto e Branco, Com Almofadas, Reclinável, Descanso de Braço 3D - HST-GBW;R$ ----
829;Cadeira Gamer XT Racer Defender, Até 120kg, Com Almofadas, Reclinável, Descanso de Braço 3D, Preto e Cinza - XTR-032;R$ ----
830;Cadeira Gamer Husky Gaming Snow Limited Edition, Preto, Cilindro de Gás Classe 4, Base em Metal, Roda em Nylon - HGMA054;R$ ----
831;Cadeira Gamer Elements Magna, Até 130kg, Descanso de Braço 3D, Cilindro de Gás Classe 4, Linho, Marrom - 70002;R$ ----
832;Cadeira Gamer DT3 Módena, Até 140 kg, Com Almofadas, Apoio de Braço 3D+, Reclinável, Cinza - 13788-7;R$ ----
833;Cadeira Gamer DT3sports Elise, Orange - 10636-6;R$ ----
834;Cadeira Gamer Corsair TC60 Fabric, Até 120Kg,  Apoio de Braços 3D, Reclinável, Cilindro de Gás Classe 4, Preto e Cinza - CF-9010035-WW;R$ ----
835;Cadeira Gamer Drakon, Até 140kg, Com Almofadas, Reclinável, Preto e Cinza - CH31BKGY;R$ ----
836;Cadeira Gamer XT Racer Viking Series, Até 120kg, Com Almofadas e Apoio de Pés, Reclinável, Descanso de Braço 3D, Rosa e Branco - XTR-023;R$ ----
837;Cadeira Gamer DT3sports Royce Space Grey - 11913-5;R$ ----
838;Braços para Cadeiras Husky Gaming, Snow 2 lados - HAC-BS;R$ ----
839;Cadeira Gamer Noblechairs EPIC Leather, Black - NBL-RL-BLA-001;R$ ----
840;Cadeira Gamer ThunderX3 EC3, Até 120kg, com Almofadas, Preto e Ciano - 68000;R$ ----
841;Cadeira Gamer Motospeed Hyrax, Até 150kg, Design ergonômico, Pistão Classe 4, Rosa - HCD300P;R$ ----
842;Cadeira Gamer XT Racer Defender, Até 120kg, Com Almofadas, Reclinável, Descanso de Braço 3D, Preto e Rosa - XTR-033;R$ ----
843;Cadeira Gamer Husky Gaming Blizzard 900 S.E., Azul e Branco, Com Almofadas, Reclinável com Sistema Frog, Descanso de Braço 3D - HGMA094;R$ ----
844;Descanso de Braço para Cadeira Husky Gaming Storm, Tactical - PREP074;R$ ----
845;Cadeira Gamer Alpha Gamer Nimbus,  Até 125 kg, Apoio de Braço 4D, Reclinável, Preto e Cinza- AGNIMBUSBK;R$ ----
846;Cadeira Gamer DT3 Sports Nero, Até 125 Kg, Com Almofada, Reclinável, Apoio de Braço 3D, Preto - 13367-0;R$ ----
847;Cadeira Gamer PCTop Strike 1005, até 120Kg, com Almofadas, Reclinável, Preto e Preto - 1005;R$ ----
848;Cadeira Gamer Alpha Gamer Nebula Fabric, Até 150 kg, Apoio de Braço 4D, Reclinável, Cinza e Laranja - AGNEBULA-GRY-O;R$ ----
849;Rodízio para Cadeira Husky Gaming Snow, Polar, Frost - PREP038;R$ ----
850;Cadeira Gamer Alpha Gamer Kappa, Até 150 kg, Apoio de Braço Acolchoado, Cilindro de Gás Classe 4, Preto e Verde - AGKAPPA-BK-GRN;R$ ----
851;Cadeira Gamer Sharkoon Elbrus 1, Black Green;R$ ----
852;Cadeira Gamer Corsair T2 Road Warrior, Até 136Kg, Apoio de Braços 4D, Almofadas, Reclinável, Cilindro de Gás Classe 4, Preto e Vermelho - CF-9010008-WW;R$ ----
853;Cadeira Gamer DT3 Módena, Até 140 kg, Com Almofadas, Apoio de Braço 3D+, Reclinável, Preto e Azul - 13785-4;R$ ----
854;Cadeira Gamer DT3 Romeo, Até 140 kg, Com Almofadas, Apoio de Braço 3D+, Reclinável, Preto e Vermelho - 13795-5;R$ ----
855;Cadeira Gamer Raven X-30, Até 200Kg, com Almofadas, Descanso de Braço 4D, Encosto Reclinável, Trava de Inclinação, Branco - CDRVX30BR;R$ ----
856;Cadeira Gamer Husky Gaming Tactical, Digital Marpat, Preto, Com Almofadas, Reclinável, Descanso de Braço 2D - HTT-DW;R$ ----
857;Cadeira Gamer Alpha Gamer Alegra,  Até 150 kg, Apoio de Braço 4D, Mecanismo Frog, Apoio Lombar Ajustável, Preto - AGALEGRA-PUL-BK;R$ ----
858;Cadeira Gamer Vinik Rocket, 120kg, Ajuste de altura e inclinação Preto - CGR10PT;R$ ----
859;Cadeira Gamer DT3sports Rhino White - 11234-1;R$ ----
860;Cadeira Gamer Corsair T2 Road Warrior, Até 136Kg, Apoio de Braços 4D, com Almofadas, Reclinável, Preto - CF-9010006-WW;R$ ----
861;Cadeira Gamer Husky Gaming Storm, Azul, Preto e Branco, Com Almofadas, Reclinável, Descanso de Braço 2D - HST-BBW;R$ ----
862;Cadeira Gamer Vinik Rocket, 120kg, Ajuste de altura e inclinação Branco e Rosa - CGR10BRS;R$ ----
863;Cadeira Gamer Mymax MX5, Até 150kg, Com Almofadas, Reclinável, Descanso de Braço 2D, Preto e Verde - MGCH-MX5/GR;R$ ----
864;Cadeira Gamer DT3 Rhino Artemis, Até 150 Kg, Com Almofadas, Reclinável, Descanso de Braço 4D, Branco e Roxo - 13539-1;R$ ----
865;Cadeira Gamer Raven X-10, Até 150kg, com Almofadas, Descanso  de Braço 2D, Preto - CDRVX10TP;R$ ----
866;Cadeira Gamer DT3 Mizano Fabric, Até 110 kg, Com Almofadas, Apoio de Braço 3D+, Reclinável, Preto e Azul - 13797-7;R$ ----
867;Cadeira Gamer XT Racer Viking Series, Até 120Kg, Com Almofadas, Reclinável, Descanso de Braço 3D, Preto e Branco - XTR-021;R$ ----
868;Cadeira Gamer Husky Gaming Tactical, Digital Marpat, Com Almofadas, Reclinável, Descanso de Braço 2D - HTT-DM;R$ ----
869;Cadeira Gamer DT3 Rhino Ashen, Com almofadas, Reclinável, Apoio de braço 4D, Preto - 13341-2;R$ ----
870;Cadeira Gamer Drakon, Suporta até 140kg, Com Almofadas, Reclinável, Preta - CH31BK;R$ ----
871;Rodízios para Cadeiras Husky Gaming Storm, Blizzard e Hailstorm KIT C/ 5 Branco - HAC-RSBHW;R$ ----
872;Cadeira Gamer Pctop Strike, com Almofadas, Encosto Ajustável, Preto/Vermelho - 1005;R$ ----
873;Cadeira Gamer Mymax MX5, Até 150kg, Com Almofadas, Reclinável, Descanso de Braço 2D, Branco e Azul Marinho - MGCH-MX5/BLMR;R$ ----
874;Cadeira Gamer Elements Lunari, Até 120kg, Com Almofada, Descanso de Braço 4D, Cilindro de Gás Classe 4, Knit Special, Preto - 70043;R$ ----
875;Cadeira Gamer DT3 Nero Elite Ashen, Até 150 Kg, Com Almofada, Reclinável, Descanso de Braço 4D, Cinza - 13541-4;R$ ----
876;Cadeira Gamer Alpha Gamer Alegra, Até 150 kg, Apoio de Braço 4D, Mecanismo Frog, Apoio Lombar Ajustável, Branco  - AGALEGRA-PUL-WHT;R$ ----
877;Cadeira Gamer Raven X-30, Até 200Kg, com Almofadas, Descanso de Braço 4D, Reclinável, Trava de Inclinação, Preto e Amarelo - CDRV30PM;R$ ----
878;Cadeira Gamer Raven X-30, Preto,  Até 200Kg, com Almofadas, Descanso de Braço 4D, Encosto Reclinável, Trava de Inclinação, Preto - CDRVX30PP;R$ ----
879;Cadeira Gamer ThunderX3 BC3 Black - 67991;R$ ----
880;Cadeira Gamer Elements Magna, Até 130kg, Descanso de Braço 3D, Cilindro de Gás Classe 4, Knit, Cinza Claro - 70005;R$ ----
881;Cadeira Gamer Corsair TC200, Até 120Kg, Apoio de Braços 4D, Com almofadas, Reclinável, Cilindro de Gás Classe 4, Preto - CF-9010043-WW;R$ ----
882;Cadeira Gamer Husky Gaming Polar, Preto e Vermelho, Cilindro de Gás Classe 3, Base em Nylon, Roda em Nylon - HPO-BR;R$ ----
883;Cadeira Gamer DT3sports Romeo, Grey - 11207-1;R$ ----
884;Cadeira Gamer Elements Magna, Até 130kg, Descanso de Braço 3D, Cilindro de Gás Classe 4, Linho, Cinza - 70001;R$ ----
885;Cadeira Gamer Elements Magna, Até 130kg, Descanso de Braço 3D, Cilindro de Gás Classe 4, Knit, Preto - 70004;R$ ----
886;Cadeira Gamer DT3sports Royce Navy Blue - 11914-6;R$ ----
887;Cadeira Gamer DT3sports Rhino Blue - 11230-7;R$ ----
888;Braços para Cadeiras Husky, 2 lados Polar - HAC-BP;R$ ----
889;Cadeira Gamer DT3 Módena, Até 140 kg, Com Almofadas, Apoio de Braço 3D+, Reclinável, Preto e Vermelho - 13790-0;R$ ----
890;Cadeira Gamer DT3Sports Royce, com Almofada, Reclinável, Apoio de Braço 4D, Cool Black - 13291-6;R$ ----
891;Cadeira Gamer DT3sports Mizano, Até 140kg, com Braço 3D, Inclinação e Almofadas, Preto - 10226-1;R$ ----
892;Cadeira Gamer DT3sports Elise, Até 150kg, com Almofadas, Reclinável, Preto e Cinza - 10633-3;R$ ----
893;Cadeira Gamer DT3 Royce Cream - 12386-0;R$ ----
894;Descanso de Braço para Cadeira Husky Gaming Storm, Blizzard - PREP071;R$ ----
895;Cadeira Gamer XT Racer Platinum W Series, Até 120kg, Com Almofadas, Reclinável, Descanso de Braço 3D, Azul - XTR-067;R$ ----
896;Cadeira Gamer DT3 Mizano Fabric, Até 110 kg, Com Almofadas, Apoio de Braço 3D+, Reclinável, Preto e Vermelho - 13801-3;R$ ----
897;Cadeira Gamer Noblechairs Epic Compact, Até 120Kg, com Almofadas, Braços 3D, Ajuste de Profundidade, Preto e Vermelho - NBL-ECC-PU-RED;R$ ----
898;Cadeira Gamer DT3sports Elise, Até 130Kg, Reclinável, Preto - 11833-6;R$ ----
899;Cadeira Gamer Corsair TC70 Remix,  Até 120Kg, Apoio de Braços 3D, Reclinável, Cilindro de Gás Classe 4, Preto - CF-9010038-WW;R$ ----
900;Cadeira Gamer DT3sports Elise, Até 150kg, com Almofadas, Reclinável, Preto e Vermelho - 10637-7;R$ ----
901;Cadeira Gamer Alpha Gamer Zeta Preto, Reclinável, com Almofadas, Cilindro de Gás Classe 4 - AGZETA-BK;R$ ----
902;Cadeira Gamer DT3sports Mizano Fabric, Red - 11361-2;R$ ----
903;Cadeira Gamer Alpha Gamer Kappa, Até 150 kg, Apoio de Braço Acolchoado, Cilindro de Gás Classe 4, Preto - AGKAPPA-BK;R$ ----
904;Cadeira Gamer DT3sports Modena, Black Grey - 10326-2;R$ ----
905;Cadeira Gamer Dazz Elite, 100 Kg, Mecanismo de Ajuste Butterfly, Black - 624761;R$ ----
906;Cadeira Gamer Dazz Dark Shadow, Black - 625165;R$ ----
907;Cadeira Gamer Sharkoon Elbrus 1, Black Pink;R$ ----
908;Cadeira Gamer Multi Tongea Black - GA182;R$ ----
909;Cadeira Gamer Multi Tongea Green - GA160;R$ ----
910;Cadeira Gamer ThunderX3 EC1 Black - 67995;R$ ----
911;Cadeira Gamer ThunderX3 EC1 Black/Red - 67996;R$ ----
912;Cadeira Gamer Elements Gaming Elemental Ignis Black/Red - 63593;R$ ----
913;Cadeira Gamer Vertagear S-Line SL5000 Racing Series, Black/Blue Rev.2 - VG-SL5000-BL;R$ ----
914;Cadeira Gamer Pctop Super 1015, Vermelha;R$ ----
915;Cadeira Gamer Max Racer Storm Target, Até 110Kg, Preta - TGT-06;R$ ----
916;Cadeira Gamer AKRacing Premium V2, Black Silver - 10047-2;R$ ----
917;Cadeira Gamer Husky Gaming Racing, Vermelho, Com Almofadas, Reclinável, Descanso de Braço 3D - HRC-R;R$ ----
918;Braços para Cadeiras Husky, 2 lados Frost - HAC-BF;R$ ----
919;Cadeira Gamer Husky Gaming Blizzard 900 S.E., Rosa e Preto, Com Almofadas, Reclinável com Sistema Frog, Descanso de Braço 3D - HGMA093;R$ ----
920;Cadeira DT3office Zodiac V2, Reclinável, Assento Deslizável, Rosé - 12997-8;R$ ----
